[{"metricsType":"CTA","metricName":"Namespace","reference":"Global","solutionPath":"e443acada107bbf4bce7032f8e8576b211ef5764f431e6f16130fa51b447bf0b"},{"metricsType":"CTA","metricName":"Namespace","reference":"System","solutionPath":"e443acada107bbf4bce7032f8e8576b211ef5764f431e6f16130fa51b447bf0b"},{"metricsType":"CTA","metricName":"Namespace","reference":"System.Web","solutionPath":"e443acada107bbf4bce7032f8e8576b211ef5764f431e6f16130fa51b447bf0b"},{"metricsType":"CTA","metricName":"Namespace","reference":"System.Web.Optimization","solutionPath":"e443acada107bbf4bce7032f8e8576b211ef5764f431e6f16130fa51b447bf0b"},{"metricsType":"CTA","metricName":"Namespace","reference":"System.Web.Mvc","solutionPath":"e443acada107bbf4bce7032f8e8576b211ef5764f431e6f16130fa51b447bf0b"},{"metricsType":"CTA","metricName":"Namespace","reference":"System.Collections","solutionPath":"e443acada107bbf4bce7032f8e8576b211ef5764f431e6f16130fa51b447bf0b"},{"metricsType":"CTA","metricName":"Namespace","reference":"System.Web.Routing","solutionPath":"e443acada107bbf4bce7032f8e8576b211ef5764f431e6f16130fa51b447bf0b"},{"metricsType":"CTA","metricName":"Namespace","reference":"System.Runtime","solutionPath":"e443acada107bbf4bce7032f8e8576b211ef5764f431e6f16130fa51b447bf0b"},{"metricsType":"CTA","metricName":"Namespace","reference":"My","solutionPath":"e443acada107bbf4bce7032f8e8576b211ef5764f431e6f16130fa51b447bf0b"},{"metricsType":"CTA","metricName":"Namespace","reference":"System.CodeDom","solutionPath":"e443acada107bbf4bce7032f8e8576b211ef5764f431e6f16130fa51b447bf0b"},{"metricsType":"CTA","metricName":"Namespace","reference":"Microsoft","solutionPath":"e443acada107bbf4bce7032f8e8576b211ef5764f431e6f16130fa51b447bf0b"},{"metricsType":"CTA","metricName":"Namespace","reference":"System.Configuration","solutionPath":"e443acada107bbf4bce7032f8e8576b211ef5764f431e6f16130fa51b447bf0b"},{"metricsType":"CTA","metricName":"Namespace","reference":"System.ComponentModel","solutionPath":"e443acada107bbf4bce7032f8e8576b211ef5764f431e6f16130fa51b447bf0b"},{"metricsType":"CTA","metricName":"Namespace","reference":"project.all","solutionPath":"e443acada107bbf4bce7032f8e8576b211ef5764f431e6f16130fa51b447bf0b"},{"metricsType":"CTA","metricName":"RulesFile","downloadedFile":"project.all.json","solutionPath":"e443acada107bbf4bce7032f8e8576b211ef5764f431e6f16130fa51b447bf0b"},{"metricsType":"CTA","metricName":"RulesFile","downloadedFile":"system.configuration.json","solutionPath":"e443acada107bbf4bce7032f8e8576b211ef5764f431e6f16130fa51b447bf0b"},{"metricsType":"CTA","metricName":"RulesFile","downloadedFile":"system.web.mvc.json","solutionPath":"e443acada107bbf4bce7032f8e8576b211ef5764f431e6f16130fa51b447bf0b"},{"metricsType":"CTA","metricName":"RulesFile","downloadedFile":"system.web.json","solutionPath":"e443acada107bbf4bce7032f8e8576b211ef5764f431e6f16130fa51b447bf0b"},{"metricsType":"CTA","metricName":"TargetVersion","targetVersion":"net6.0","sourceVersion":"net48","solutionPath":"e443acada107bbf4bce7032f8e8576b211ef5764f431e6f16130fa51b447bf0b","projectGuid":"9fbd525a-7896-4aea-a2c8-38047168fb85"},{"metricsType":"CTA","metricName":"TargetVersion","targetVersion":"net6.0","sourceVersion":"net48","solutionPath":"e443acada107bbf4bce7032f8e8576b211ef5764f431e6f16130fa51b447bf0b","projectGuid":"9fbd525a-7896-4aea-a2c8-38047168fb85"}]