[{"metricsType":"CTA","metricName":"Namespace","reference":"MvcMusicStore","solutionPath":"7622d519535ea665231905f48bd71392be4db64221156f1574b5ff20b8fdfdc0"},{"metricsType":"CTA","metricName":"Namespace","reference":"System.Web.Optimization","solutionPath":"7622d519535ea665231905f48bd71392be4db64221156f1574b5ff20b8fdfdc0"},{"metricsType":"CTA","metricName":"Namespace","reference":"System.Web.Mvc","solutionPath":"7622d519535ea665231905f48bd71392be4db64221156f1574b5ff20b8fdfdc0"},{"metricsType":"CTA","metricName":"Namespace","reference":"System.Data.Entity","solutionPath":"7622d519535ea665231905f48bd71392be4db64221156f1574b5ff20b8fdfdc0"},{"metricsType":"CTA","metricName":"Namespace","reference":"MvcMusicStore.Filters","solutionPath":"7622d519535ea665231905f48bd71392be4db64221156f1574b5ff20b8fdfdc0"},{"metricsType":"CTA","metricName":"Namespace","reference":"WebMatrix.WebData","solutionPath":"7622d519535ea665231905f48bd71392be4db64221156f1574b5ff20b8fdfdc0"},{"metricsType":"CTA","metricName":"Namespace","reference":"System.Web.Security","solutionPath":"7622d519535ea665231905f48bd71392be4db64221156f1574b5ff20b8fdfdc0"},{"metricsType":"CTA","metricName":"Namespace","reference":"System.Web.Routing","solutionPath":"7622d519535ea665231905f48bd71392be4db64221156f1574b5ff20b8fdfdc0"},{"metricsType":"CTA","metricName":"Namespace","reference":"System.Web.Http","solutionPath":"7622d519535ea665231905f48bd71392be4db64221156f1574b5ff20b8fdfdc0"},{"metricsType":"CTA","metricName":"Namespace","reference":"MvcMusicStore.Controllers","solutionPath":"7622d519535ea665231905f48bd71392be4db64221156f1574b5ff20b8fdfdc0"},{"metricsType":"CTA","metricName":"Namespace","reference":"MvcMusicStore.Models","solutionPath":"7622d519535ea665231905f48bd71392be4db64221156f1574b5ff20b8fdfdc0"},{"metricsType":"CTA","metricName":"Namespace","reference":"Microsoft.Web.WebPages.OAuth","solutionPath":"7622d519535ea665231905f48bd71392be4db64221156f1574b5ff20b8fdfdc0"},{"metricsType":"CTA","metricName":"Namespace","reference":"System.Transactions","solutionPath":"7622d519535ea665231905f48bd71392be4db64221156f1574b5ff20b8fdfdc0"},{"metricsType":"CTA","metricName":"Namespace","reference":"System.Collections.ObjectModel","solutionPath":"7622d519535ea665231905f48bd71392be4db64221156f1574b5ff20b8fdfdc0"},{"metricsType":"CTA","metricName":"Namespace","reference":"DotNetOpenAuth.AspNet","solutionPath":"7622d519535ea665231905f48bd71392be4db64221156f1574b5ff20b8fdfdc0"},{"metricsType":"CTA","metricName":"Namespace","reference":"System.Linq","solutionPath":"7622d519535ea665231905f48bd71392be4db64221156f1574b5ff20b8fdfdc0"},{"metricsType":"CTA","metricName":"Namespace","reference":"System","solutionPath":"7622d519535ea665231905f48bd71392be4db64221156f1574b5ff20b8fdfdc0"},{"metricsType":"CTA","metricName":"Namespace","reference":"System.Collections.Generic","solutionPath":"7622d519535ea665231905f48bd71392be4db64221156f1574b5ff20b8fdfdc0"},{"metricsType":"CTA","metricName":"Namespace","reference":"MvcMusicStore.ViewModels","solutionPath":"7622d519535ea665231905f48bd71392be4db64221156f1574b5ff20b8fdfdc0"},{"metricsType":"CTA","metricName":"Namespace","reference":"System.Data.Entity.Infrastructure","solutionPath":"7622d519535ea665231905f48bd71392be4db64221156f1574b5ff20b8fdfdc0"},{"metricsType":"CTA","metricName":"Namespace","reference":"System.Threading","solutionPath":"7622d519535ea665231905f48bd71392be4db64221156f1574b5ff20b8fdfdc0"},{"metricsType":"CTA","metricName":"Namespace","reference":"System.Data.Objects","solutionPath":"7622d519535ea665231905f48bd71392be4db64221156f1574b5ff20b8fdfdc0"},{"metricsType":"CTA","metricName":"Namespace","reference":"System.ComponentModel.DataAnnotations.Schema","solutionPath":"7622d519535ea665231905f48bd71392be4db64221156f1574b5ff20b8fdfdc0"},{"metricsType":"CTA","metricName":"Namespace","reference":"System.ComponentModel.DataAnnotations","solutionPath":"7622d519535ea665231905f48bd71392be4db64221156f1574b5ff20b8fdfdc0"},{"metricsType":"CTA","metricName":"Namespace","reference":"System.ComponentModel","solutionPath":"7622d519535ea665231905f48bd71392be4db64221156f1574b5ff20b8fdfdc0"},{"metricsType":"CTA","metricName":"Namespace","reference":"System.Web","solutionPath":"7622d519535ea665231905f48bd71392be4db64221156f1574b5ff20b8fdfdc0"},{"metricsType":"CTA","metricName":"Namespace","reference":"project.all","solutionPath":"7622d519535ea665231905f48bd71392be4db64221156f1574b5ff20b8fdfdc0"},{"metricsType":"CTA","metricName":"RulesFile","downloadedFile":"system.data.entity.json","solutionPath":"7622d519535ea665231905f48bd71392be4db64221156f1574b5ff20b8fdfdc0"},{"metricsType":"CTA","metricName":"RulesFile","downloadedFile":"system.web.json","solutionPath":"7622d519535ea665231905f48bd71392be4db64221156f1574b5ff20b8fdfdc0"},{"metricsType":"CTA","metricName":"RulesFile","downloadedFile":"system.web.mvc.json","solutionPath":"7622d519535ea665231905f48bd71392be4db64221156f1574b5ff20b8fdfdc0"},{"metricsType":"CTA","metricName":"RulesFile","downloadedFile":"system.web.http.json","solutionPath":"7622d519535ea665231905f48bd71392be4db64221156f1574b5ff20b8fdfdc0"},{"metricsType":"CTA","metricName":"RulesFile","downloadedFile":"project.all.json","solutionPath":"7622d519535ea665231905f48bd71392be4db64221156f1574b5ff20b8fdfdc0"},{"metricsType":"CTA","metricName":"TargetVersion","targetVersion":"netcoreapp3.1","solutionPath":"7622d519535ea665231905f48bd71392be4db64221156f1574b5ff20b8fdfdc0","projectGuid":"c2c38ee9-01b7-4929-b7e9-086077d1ab58"},{"metricsType":"CTA","metricName":"ActionPackage","packageName":"Microsoft.EntityFrameworkCore","packageVersion":"*","solutionPath":"7622d519535ea665231905f48bd71392be4db64221156f1574b5ff20b8fdfdc0","projectGuid":"c2c38ee9-01b7-4929-b7e9-086077d1ab58"}]