[{"metricsType":"CTA","metricName":"Namespace","reference":"StarWars.Api","solutionPath":"854d2e49cd6a561de3f00c0041f432b17c98bf56368cac4a7c1ccc979e8676a8"},{"metricsType":"CTA","metricName":"Namespace","reference":"StarWars.Api.Models","solutionPath":"854d2e49cd6a561de3f00c0041f432b17c98bf56368cac4a7c1ccc979e8676a8"},{"metricsType":"CTA","metricName":"Namespace","reference":"StarWars.Api.Controllers","solutionPath":"854d2e49cd6a561de3f00c0041f432b17c98bf56368cac4a7c1ccc979e8676a8"},{"metricsType":"CTA","metricName":"Namespace","reference":"AutoMapper","solutionPath":"854d2e49cd6a561de3f00c0041f432b17c98bf56368cac4a7c1ccc979e8676a8"},{"metricsType":"CTA","metricName":"Namespace","reference":"System","solutionPath":"854d2e49cd6a561de3f00c0041f432b17c98bf56368cac4a7c1ccc979e8676a8"},{"metricsType":"CTA","metricName":"Namespace","reference":"System.Collections.Generic","solutionPath":"854d2e49cd6a561de3f00c0041f432b17c98bf56368cac4a7c1ccc979e8676a8"},{"metricsType":"CTA","metricName":"Namespace","reference":"System.IO","solutionPath":"854d2e49cd6a561de3f00c0041f432b17c98bf56368cac4a7c1ccc979e8676a8"},{"metricsType":"CTA","metricName":"Namespace","reference":"System.Linq","solutionPath":"854d2e49cd6a561de3f00c0041f432b17c98bf56368cac4a7c1ccc979e8676a8"},{"metricsType":"CTA","metricName":"Namespace","reference":"System.Threading.Tasks","solutionPath":"854d2e49cd6a561de3f00c0041f432b17c98bf56368cac4a7c1ccc979e8676a8"},{"metricsType":"CTA","metricName":"Namespace","reference":"Microsoft.AspNetCore.Hosting","solutionPath":"854d2e49cd6a561de3f00c0041f432b17c98bf56368cac4a7c1ccc979e8676a8"},{"metricsType":"CTA","metricName":"Namespace","reference":"Microsoft.AspNetCore.Builder","solutionPath":"854d2e49cd6a561de3f00c0041f432b17c98bf56368cac4a7c1ccc979e8676a8"},{"metricsType":"CTA","metricName":"Namespace","reference":"Microsoft.Extensions.Configuration","solutionPath":"854d2e49cd6a561de3f00c0041f432b17c98bf56368cac4a7c1ccc979e8676a8"},{"metricsType":"CTA","metricName":"Namespace","reference":"Microsoft.Extensions.DependencyInjection","solutionPath":"854d2e49cd6a561de3f00c0041f432b17c98bf56368cac4a7c1ccc979e8676a8"},{"metricsType":"CTA","metricName":"Namespace","reference":"Microsoft.Extensions.Logging","solutionPath":"854d2e49cd6a561de3f00c0041f432b17c98bf56368cac4a7c1ccc979e8676a8"},{"metricsType":"CTA","metricName":"Namespace","reference":"StarWars.Core.Data","solutionPath":"854d2e49cd6a561de3f00c0041f432b17c98bf56368cac4a7c1ccc979e8676a8"},{"metricsType":"CTA","metricName":"Namespace","reference":"StarWars.Data.EntityFramework","solutionPath":"854d2e49cd6a561de3f00c0041f432b17c98bf56368cac4a7c1ccc979e8676a8"},{"metricsType":"CTA","metricName":"Namespace","reference":"StarWars.Data.EntityFramework.Seed","solutionPath":"854d2e49cd6a561de3f00c0041f432b17c98bf56368cac4a7c1ccc979e8676a8"},{"metricsType":"CTA","metricName":"Namespace","reference":"Microsoft.EntityFrameworkCore","solutionPath":"854d2e49cd6a561de3f00c0041f432b17c98bf56368cac4a7c1ccc979e8676a8"},{"metricsType":"CTA","metricName":"Namespace","reference":"StarWars.Data.EntityFramework.Repositories","solutionPath":"854d2e49cd6a561de3f00c0041f432b17c98bf56368cac4a7c1ccc979e8676a8"},{"metricsType":"CTA","metricName":"Namespace","reference":"GraphQL.Types","solutionPath":"854d2e49cd6a561de3f00c0041f432b17c98bf56368cac4a7c1ccc979e8676a8"},{"metricsType":"CTA","metricName":"Namespace","reference":"GraphQL","solutionPath":"854d2e49cd6a561de3f00c0041f432b17c98bf56368cac4a7c1ccc979e8676a8"},{"metricsType":"CTA","metricName":"Namespace","reference":"StarWars.Core.Logic","solutionPath":"854d2e49cd6a561de3f00c0041f432b17c98bf56368cac4a7c1ccc979e8676a8"},{"metricsType":"CTA","metricName":"Namespace","reference":"Microsoft.AspNetCore.Mvc","solutionPath":"854d2e49cd6a561de3f00c0041f432b17c98bf56368cac4a7c1ccc979e8676a8"},{"metricsType":"CTA","metricName":"Namespace","reference":"Newtonsoft.Json","solutionPath":"854d2e49cd6a561de3f00c0041f432b17c98bf56368cac4a7c1ccc979e8676a8"},{"metricsType":"CTA","metricName":"Namespace","reference":"System.Text","solutionPath":"854d2e49cd6a561de3f00c0041f432b17c98bf56368cac4a7c1ccc979e8676a8"},{"metricsType":"CTA","metricName":"Namespace","reference":"System.Reflection","solutionPath":"854d2e49cd6a561de3f00c0041f432b17c98bf56368cac4a7c1ccc979e8676a8"},{"metricsType":"CTA","metricName":"Namespace","reference":"StarWars.Core.Models","solutionPath":"854d2e49cd6a561de3f00c0041f432b17c98bf56368cac4a7c1ccc979e8676a8"},{"metricsType":"CTA","metricName":"Namespace","reference":"System.Collections","solutionPath":"854d2e49cd6a561de3f00c0041f432b17c98bf56368cac4a7c1ccc979e8676a8"},{"metricsType":"CTA","metricName":"Namespace","reference":"System.Runtime.CompilerServices","solutionPath":"854d2e49cd6a561de3f00c0041f432b17c98bf56368cac4a7c1ccc979e8676a8"},{"metricsType":"CTA","metricName":"Namespace","reference":"System.Runtime.InteropServices","solutionPath":"854d2e49cd6a561de3f00c0041f432b17c98bf56368cac4a7c1ccc979e8676a8"},{"metricsType":"CTA","metricName":"Namespace","reference":"StarWars.Data.EntityFramework.Migrations","solutionPath":"854d2e49cd6a561de3f00c0041f432b17c98bf56368cac4a7c1ccc979e8676a8"},{"metricsType":"CTA","metricName":"Namespace","reference":"Microsoft.EntityFrameworkCore.Migrations","solutionPath":"854d2e49cd6a561de3f00c0041f432b17c98bf56368cac4a7c1ccc979e8676a8"},{"metricsType":"CTA","metricName":"Namespace","reference":"Microsoft.EntityFrameworkCore.Migrations.Operations.Builders","solutionPath":"854d2e49cd6a561de3f00c0041f432b17c98bf56368cac4a7c1ccc979e8676a8"},{"metricsType":"CTA","metricName":"Namespace","reference":"Microsoft.EntityFrameworkCore.Infrastructure","solutionPath":"854d2e49cd6a561de3f00c0041f432b17c98bf56368cac4a7c1ccc979e8676a8"},{"metricsType":"CTA","metricName":"Namespace","reference":"Microsoft.EntityFrameworkCore.Metadata.Builders","solutionPath":"854d2e49cd6a561de3f00c0041f432b17c98bf56368cac4a7c1ccc979e8676a8"},{"metricsType":"CTA","metricName":"Namespace","reference":"StarWars.Data.EntityFramework.Workaround","solutionPath":"854d2e49cd6a561de3f00c0041f432b17c98bf56368cac4a7c1ccc979e8676a8"},{"metricsType":"CTA","metricName":"Namespace","reference":"StarWars.Data.InMemory","solutionPath":"854d2e49cd6a561de3f00c0041f432b17c98bf56368cac4a7c1ccc979e8676a8"},{"metricsType":"CTA","metricName":"Namespace","reference":"Microsoft.EntityFrameworkCore.Metadata","solutionPath":"854d2e49cd6a561de3f00c0041f432b17c98bf56368cac4a7c1ccc979e8676a8"},{"metricsType":"CTA","metricName":"Namespace","reference":"StarWars.Tests.Unit.Api.Controllers","solutionPath":"854d2e49cd6a561de3f00c0041f432b17c98bf56368cac4a7c1ccc979e8676a8"},{"metricsType":"CTA","metricName":"Namespace","reference":"StarWars.Tests.Unit.Api.Models","solutionPath":"854d2e49cd6a561de3f00c0041f432b17c98bf56368cac4a7c1ccc979e8676a8"},{"metricsType":"CTA","metricName":"Namespace","reference":"StarWars.Tests.Unit.Data.InMemory","solutionPath":"854d2e49cd6a561de3f00c0041f432b17c98bf56368cac4a7c1ccc979e8676a8"},{"metricsType":"CTA","metricName":"Namespace","reference":"StarWars.Tests.Unit.Data.EntityFramework.Repositories","solutionPath":"854d2e49cd6a561de3f00c0041f432b17c98bf56368cac4a7c1ccc979e8676a8"},{"metricsType":"CTA","metricName":"Namespace","reference":"<global namespace>","solutionPath":"854d2e49cd6a561de3f00c0041f432b17c98bf56368cac4a7c1ccc979e8676a8"},{"metricsType":"CTA","metricName":"Namespace","reference":"Moq","solutionPath":"854d2e49cd6a561de3f00c0041f432b17c98bf56368cac4a7c1ccc979e8676a8"},{"metricsType":"CTA","metricName":"Namespace","reference":"Xunit","solutionPath":"854d2e49cd6a561de3f00c0041f432b17c98bf56368cac4a7c1ccc979e8676a8"},{"metricsType":"CTA","metricName":"Namespace","reference":"StarWars.Tests.Integration.Api.Controllers","solutionPath":"854d2e49cd6a561de3f00c0041f432b17c98bf56368cac4a7c1ccc979e8676a8"},{"metricsType":"CTA","metricName":"Namespace","reference":"StarWars.Tests.Integration.Data.EntityFramework","solutionPath":"854d2e49cd6a561de3f00c0041f432b17c98bf56368cac4a7c1ccc979e8676a8"},{"metricsType":"CTA","metricName":"Namespace","reference":"Microsoft.AspNetCore.TestHost","solutionPath":"854d2e49cd6a561de3f00c0041f432b17c98bf56368cac4a7c1ccc979e8676a8"},{"metricsType":"CTA","metricName":"Namespace","reference":"System.Net.Http","solutionPath":"854d2e49cd6a561de3f00c0041f432b17c98bf56368cac4a7c1ccc979e8676a8"},{"metricsType":"CTA","metricName":"Namespace","reference":"Newtonsoft.Json.Linq","solutionPath":"854d2e49cd6a561de3f00c0041f432b17c98bf56368cac4a7c1ccc979e8676a8"},{"metricsType":"CTA","metricName":"Namespace","reference":"project.all","solutionPath":"854d2e49cd6a561de3f00c0041f432b17c98bf56368cac4a7c1ccc979e8676a8"},{"metricsType":"CTA","metricName":"RulesFile","downloadedFile":"project.all.json","solutionPath":"854d2e49cd6a561de3f00c0041f432b17c98bf56368cac4a7c1ccc979e8676a8"},{"metricsType":"CTA","metricName":"TargetVersion","targetVersion":"net5.0","solutionPath":"854d2e49cd6a561de3f00c0041f432b17c98bf56368cac4a7c1ccc979e8676a8","projectGuid":"bc1a2c89-3bf6-4d41-a885-414ba5c33bda"},{"metricsType":"CTA","metricName":"TargetVersion","targetVersion":"net5.0","solutionPath":"854d2e49cd6a561de3f00c0041f432b17c98bf56368cac4a7c1ccc979e8676a8","projectGuid":"27787982-cbae-4a79-bb48-e12c5ecd189d"},{"metricsType":"CTA","metricName":"TargetVersion","targetVersion":"net5.0","solutionPath":"854d2e49cd6a561de3f00c0041f432b17c98bf56368cac4a7c1ccc979e8676a8","projectGuid":"0183c877-d6b4-40eb-885d-a1c7a015d6bd"},{"metricsType":"CTA","metricName":"TargetVersion","targetVersion":"net5.0","solutionPath":"854d2e49cd6a561de3f00c0041f432b17c98bf56368cac4a7c1ccc979e8676a8","projectGuid":"d387076c-3911-4320-82d7-958a70295da3"},{"metricsType":"CTA","metricName":"TargetVersion","targetVersion":"net5.0","solutionPath":"854d2e49cd6a561de3f00c0041f432b17c98bf56368cac4a7c1ccc979e8676a8","projectGuid":"ea6d3cd1-ebc1-48cd-87b9-d99ba5b44db3"},{"metricsType":"CTA","metricName":"TargetVersion","targetVersion":"net5.0","solutionPath":"854d2e49cd6a561de3f00c0041f432b17c98bf56368cac4a7c1ccc979e8676a8","projectGuid":"ea6d3cd1-ebc1-48cd-87b9-d99ba5b44db3"},{"metricsType":"CTA","metricName":"TargetVersion","targetVersion":"net5.0","solutionPath":"854d2e49cd6a561de3f00c0041f432b17c98bf56368cac4a7c1ccc979e8676a8","projectGuid":"bc1a2c89-3bf6-4d41-a885-414ba5c33bda"},{"metricsType":"CTA","metricName":"TargetVersion","targetVersion":"net5.0","solutionPath":"854d2e49cd6a561de3f00c0041f432b17c98bf56368cac4a7c1ccc979e8676a8","projectGuid":"d387076c-3911-4320-82d7-958a70295da3"},{"metricsType":"CTA","metricName":"TargetVersion","targetVersion":"net5.0","solutionPath":"854d2e49cd6a561de3f00c0041f432b17c98bf56368cac4a7c1ccc979e8676a8","projectGuid":"0183c877-d6b4-40eb-885d-a1c7a015d6bd"},{"metricsType":"CTA","metricName":"TargetVersion","targetVersion":"net5.0","solutionPath":"854d2e49cd6a561de3f00c0041f432b17c98bf56368cac4a7c1ccc979e8676a8","projectGuid":"27787982-cbae-4a79-bb48-e12c5ecd189d"}]