[{"metricsType":"CTA","metricName":"Namespace","reference":"MvcMusicStore","solutionPath":"da4b915054e5609fc346f1f73002fa99893235fda0f2f7e8af10f2499d937755"},{"metricsType":"CTA","metricName":"Namespace","reference":"MvcMusicStore.Filters","solutionPath":"da4b915054e5609fc346f1f73002fa99893235fda0f2f7e8af10f2499d937755"},{"metricsType":"CTA","metricName":"Namespace","reference":"MvcMusicStore.Controllers","solutionPath":"da4b915054e5609fc346f1f73002fa99893235fda0f2f7e8af10f2499d937755"},{"metricsType":"CTA","metricName":"Namespace","reference":"MvcMusicStore.Models","solutionPath":"da4b915054e5609fc346f1f73002fa99893235fda0f2f7e8af10f2499d937755"},{"metricsType":"CTA","metricName":"Namespace","reference":"MvcMusicStore.ViewModels","solutionPath":"da4b915054e5609fc346f1f73002fa99893235fda0f2f7e8af10f2499d937755"},{"metricsType":"CTA","metricName":"Namespace","reference":"System","solutionPath":"da4b915054e5609fc346f1f73002fa99893235fda0f2f7e8af10f2499d937755"},{"metricsType":"CTA","metricName":"Namespace","reference":"System.Collections.Generic","solutionPath":"da4b915054e5609fc346f1f73002fa99893235fda0f2f7e8af10f2499d937755"},{"metricsType":"CTA","metricName":"Namespace","reference":"System.Linq","solutionPath":"da4b915054e5609fc346f1f73002fa99893235fda0f2f7e8af10f2499d937755"},{"metricsType":"CTA","metricName":"Namespace","reference":"System.Web","solutionPath":"da4b915054e5609fc346f1f73002fa99893235fda0f2f7e8af10f2499d937755"},{"metricsType":"CTA","metricName":"Namespace","reference":"System.Web.Http","solutionPath":"da4b915054e5609fc346f1f73002fa99893235fda0f2f7e8af10f2499d937755"},{"metricsType":"CTA","metricName":"Namespace","reference":"System.Web.Mvc","solutionPath":"da4b915054e5609fc346f1f73002fa99893235fda0f2f7e8af10f2499d937755"},{"metricsType":"CTA","metricName":"Namespace","reference":"System.Web.Optimization","solutionPath":"da4b915054e5609fc346f1f73002fa99893235fda0f2f7e8af10f2499d937755"},{"metricsType":"CTA","metricName":"Namespace","reference":"System.Web.Routing","solutionPath":"da4b915054e5609fc346f1f73002fa99893235fda0f2f7e8af10f2499d937755"},{"metricsType":"CTA","metricName":"Namespace","reference":"System.Configuration","solutionPath":"da4b915054e5609fc346f1f73002fa99893235fda0f2f7e8af10f2499d937755"},{"metricsType":"CTA","metricName":"Namespace","reference":"System.Web.Security","solutionPath":"da4b915054e5609fc346f1f73002fa99893235fda0f2f7e8af10f2499d937755"},{"metricsType":"CTA","metricName":"Namespace","reference":"WebMatrix.WebData","solutionPath":"da4b915054e5609fc346f1f73002fa99893235fda0f2f7e8af10f2499d937755"},{"metricsType":"CTA","metricName":"Namespace","reference":"System.Text","solutionPath":"da4b915054e5609fc346f1f73002fa99893235fda0f2f7e8af10f2499d937755"},{"metricsType":"CTA","metricName":"Namespace","reference":"Microsoft.Web.WebPages.OAuth","solutionPath":"da4b915054e5609fc346f1f73002fa99893235fda0f2f7e8af10f2499d937755"},{"metricsType":"CTA","metricName":"Namespace","reference":"System.Transactions","solutionPath":"da4b915054e5609fc346f1f73002fa99893235fda0f2f7e8af10f2499d937755"},{"metricsType":"CTA","metricName":"Namespace","reference":"DotNetOpenAuth.AspNet","solutionPath":"da4b915054e5609fc346f1f73002fa99893235fda0f2f7e8af10f2499d937755"},{"metricsType":"CTA","metricName":"Namespace","reference":"System.Data","solutionPath":"da4b915054e5609fc346f1f73002fa99893235fda0f2f7e8af10f2499d937755"},{"metricsType":"CTA","metricName":"Namespace","reference":"System.Data.Entity","solutionPath":"da4b915054e5609fc346f1f73002fa99893235fda0f2f7e8af10f2499d937755"},{"metricsType":"CTA","metricName":"Namespace","reference":"System.Data.Entity.Infrastructure","solutionPath":"da4b915054e5609fc346f1f73002fa99893235fda0f2f7e8af10f2499d937755"},{"metricsType":"CTA","metricName":"Namespace","reference":"System.Threading","solutionPath":"da4b915054e5609fc346f1f73002fa99893235fda0f2f7e8af10f2499d937755"},{"metricsType":"CTA","metricName":"Namespace","reference":"System.ComponentModel.DataAnnotations","solutionPath":"da4b915054e5609fc346f1f73002fa99893235fda0f2f7e8af10f2499d937755"},{"metricsType":"CTA","metricName":"Namespace","reference":"System.ComponentModel.DataAnnotations.Schema","solutionPath":"da4b915054e5609fc346f1f73002fa99893235fda0f2f7e8af10f2499d937755"},{"metricsType":"CTA","metricName":"Namespace","reference":"System.Globalization","solutionPath":"da4b915054e5609fc346f1f73002fa99893235fda0f2f7e8af10f2499d937755"},{"metricsType":"CTA","metricName":"Namespace","reference":"System.ComponentModel","solutionPath":"da4b915054e5609fc346f1f73002fa99893235fda0f2f7e8af10f2499d937755"},{"metricsType":"CTA","metricName":"Namespace","reference":"System.Reflection","solutionPath":"da4b915054e5609fc346f1f73002fa99893235fda0f2f7e8af10f2499d937755"},{"metricsType":"CTA","metricName":"Namespace","reference":"System.Runtime.CompilerServices","solutionPath":"da4b915054e5609fc346f1f73002fa99893235fda0f2f7e8af10f2499d937755"},{"metricsType":"CTA","metricName":"Namespace","reference":"System.Runtime.InteropServices","solutionPath":"da4b915054e5609fc346f1f73002fa99893235fda0f2f7e8af10f2499d937755"},{"metricsType":"CTA","metricName":"Namespace","reference":"project.all","solutionPath":"da4b915054e5609fc346f1f73002fa99893235fda0f2f7e8af10f2499d937755"},{"metricsType":"CTA","metricName":"RulesFile","downloadedFile":"system.data.entity.json","solutionPath":"da4b915054e5609fc346f1f73002fa99893235fda0f2f7e8af10f2499d937755"},{"metricsType":"CTA","metricName":"RulesFile","downloadedFile":"system.configuration.json","solutionPath":"da4b915054e5609fc346f1f73002fa99893235fda0f2f7e8af10f2499d937755"},{"metricsType":"CTA","metricName":"RulesFile","downloadedFile":"project.all.json","solutionPath":"da4b915054e5609fc346f1f73002fa99893235fda0f2f7e8af10f2499d937755"},{"metricsType":"CTA","metricName":"RulesFile","downloadedFile":"system.web.mvc.json","solutionPath":"da4b915054e5609fc346f1f73002fa99893235fda0f2f7e8af10f2499d937755"},{"metricsType":"CTA","metricName":"RulesFile","downloadedFile":"system.web.http.json","solutionPath":"da4b915054e5609fc346f1f73002fa99893235fda0f2f7e8af10f2499d937755"},{"metricsType":"CTA","metricName":"RulesFile","downloadedFile":"system.web.json","solutionPath":"da4b915054e5609fc346f1f73002fa99893235fda0f2f7e8af10f2499d937755"},{"metricsType":"CTA","metricName":"TargetVersion","targetVersion":"netcoreapp3.1","solutionPath":"da4b915054e5609fc346f1f73002fa99893235fda0f2f7e8af10f2499d937755","projectGuid":"c2c38ee9-01b7-4929-b7e9-086077d1ab58"},{"metricsType":"CTA","metricName":"TargetVersion","targetVersion":"netcoreapp3.1","solutionPath":"da4b915054e5609fc346f1f73002fa99893235fda0f2f7e8af10f2499d937755","projectGuid":"c2c38ee9-01b7-4929-b7e9-086077d1ab58"},{"metricsType":"CTA","metricName":"ActionPackage","packageName":"Microsoft.EntityFrameworkCore","packageVersion":"*","solutionPath":"da4b915054e5609fc346f1f73002fa99893235fda0f2f7e8af10f2499d937755","projectGuid":"c2c38ee9-01b7-4929-b7e9-086077d1ab58"},{"metricsType":"CTA","metricName":"ActionPackage","packageName":"Microsoft.EntityFrameworkCore","packageVersion":"*","solutionPath":"da4b915054e5609fc346f1f73002fa99893235fda0f2f7e8af10f2499d937755","projectGuid":"c2c38ee9-01b7-4929-b7e9-086077d1ab58"},{"metricsType":"CTA","metricName":"ActionExecution","actionName":"ArchiveFiles","actionType":"Project","actionValue":"BundleConfig.cs,FilterConfig.cs,RouteConfig.cs,WebApiConfig.cs,global.asax.cs,global.asax,AssemblyInfo.cs,packages.config","timesRun":1,"invalidExecutions":0,"solutionPath":"da4b915054e5609fc346f1f73002fa99893235fda0f2f7e8af10f2499d937755","projectGuid":"c2c38ee9-01b7-4929-b7e9-086077d1ab58","filePath":"c2c38ee9-01b7-4929-b7e9-086077d1ab58"},{"metricsType":"CTA","metricName":"ActionExecution","actionName":"MigrateConfig","actionType":"Project","actionValue":"","timesRun":1,"invalidExecutions":0,"solutionPath":"da4b915054e5609fc346f1f73002fa99893235fda0f2f7e8af10f2499d937755","projectGuid":"c2c38ee9-01b7-4929-b7e9-086077d1ab58","filePath":"c2c38ee9-01b7-4929-b7e9-086077d1ab58"},{"metricsType":"CTA","metricName":"ActionExecution","actionName":"MigrateProjectFile","actionType":"ProjectFile","actionValue":"","timesRun":1,"invalidExecutions":0,"solutionPath":"da4b915054e5609fc346f1f73002fa99893235fda0f2f7e8af10f2499d937755","projectGuid":"c2c38ee9-01b7-4929-b7e9-086077d1ab58","filePath":"31fe9b3bbf3f7e325cdd0dd418726eb93731b9130ffded2a9bf7358b8b02703d"},{"metricsType":"CTA","metricName":"ActionExecution","actionName":"ArchiveFiles","actionType":"Project","actionValue":"BundleConfig.cs,FilterConfig.cs,RouteConfig.cs,WebApiConfig.cs,global.asax.cs,global.asax,AssemblyInfo.cs,packages.config","timesRun":1,"invalidExecutions":0,"solutionPath":"da4b915054e5609fc346f1f73002fa99893235fda0f2f7e8af10f2499d937755","projectGuid":"c2c38ee9-01b7-4929-b7e9-086077d1ab58","filePath":"c2c38ee9-01b7-4929-b7e9-086077d1ab58"},{"metricsType":"CTA","metricName":"ActionExecution","actionName":"MigrateConfig","actionType":"Project","actionValue":"","timesRun":1,"invalidExecutions":0,"solutionPath":"da4b915054e5609fc346f1f73002fa99893235fda0f2f7e8af10f2499d937755","projectGuid":"c2c38ee9-01b7-4929-b7e9-086077d1ab58","filePath":"c2c38ee9-01b7-4929-b7e9-086077d1ab58"},{"metricsType":"CTA","metricName":"ActionExecution","actionName":"MigrateProjectFile","actionType":"ProjectFile","actionValue":"","timesRun":1,"invalidExecutions":0,"solutionPath":"da4b915054e5609fc346f1f73002fa99893235fda0f2f7e8af10f2499d937755","projectGuid":"c2c38ee9-01b7-4929-b7e9-086077d1ab58","filePath":"31fe9b3bbf3f7e325cdd0dd418726eb93731b9130ffded2a9bf7358b8b02703d"}]