[{"metricsType":"CTA","metricName":"Namespace","reference":"MvcMusicStore","solutionPath":"3806de31a136286ffb66dd1e3071281f2bde167188e9112c4ae50872a1eec642"},{"metricsType":"CTA","metricName":"Namespace","reference":null,"solutionPath":"3806de31a136286ffb66dd1e3071281f2bde167188e9112c4ae50872a1eec642"},{"metricsType":"CTA","metricName":"Namespace","reference":"MvcMusicStore.Filters","solutionPath":"3806de31a136286ffb66dd1e3071281f2bde167188e9112c4ae50872a1eec642"},{"metricsType":"CTA","metricName":"Namespace","reference":"MvcMusicStore.Controllers","solutionPath":"3806de31a136286ffb66dd1e3071281f2bde167188e9112c4ae50872a1eec642"},{"metricsType":"CTA","metricName":"Namespace","reference":"MvcMusicStore.Models","solutionPath":"3806de31a136286ffb66dd1e3071281f2bde167188e9112c4ae50872a1eec642"},{"metricsType":"CTA","metricName":"Namespace","reference":"MvcMusicStore.ViewModels","solutionPath":"3806de31a136286ffb66dd1e3071281f2bde167188e9112c4ae50872a1eec642"},{"metricsType":"CTA","metricName":"Namespace","reference":"project.all","solutionPath":"3806de31a136286ffb66dd1e3071281f2bde167188e9112c4ae50872a1eec642"},{"metricsType":"CTA","metricName":"RulesFile","downloadedFile":"project.all.json","solutionPath":"3806de31a136286ffb66dd1e3071281f2bde167188e9112c4ae50872a1eec642"},{"metricsType":"CTA","metricName":"TargetVersion","targetVersion":"netcoreapp3.1","solutionPath":"3806de31a136286ffb66dd1e3071281f2bde167188e9112c4ae50872a1eec642","projectGuid":"c2c38ee9-01b7-4929-b7e9-086077d1ab58"},{"metricsType":"CTA","metricName":"ActionExecution","actionName":"ArchiveFiles","actionType":"Project","actionValue":"BundleConfig.cs,FilterConfig.cs,RouteConfig.cs,WebApiConfig.cs,global.asax.cs,global.asax,AssemblyInfo.cs,packages.config","timesRun":1,"invalidExecutions":0,"solutionPath":"3806de31a136286ffb66dd1e3071281f2bde167188e9112c4ae50872a1eec642","projectGuid":"c2c38ee9-01b7-4929-b7e9-086077d1ab58","filePath":"c2c38ee9-01b7-4929-b7e9-086077d1ab58"},{"metricsType":"CTA","metricName":"ActionExecution","actionName":"MigrateConfig","actionType":"Project","actionValue":"","timesRun":1,"invalidExecutions":0,"solutionPath":"3806de31a136286ffb66dd1e3071281f2bde167188e9112c4ae50872a1eec642","projectGuid":"c2c38ee9-01b7-4929-b7e9-086077d1ab58","filePath":"c2c38ee9-01b7-4929-b7e9-086077d1ab58"},{"metricsType":"CTA","metricName":"ActionExecution","actionName":"MigrateProjectFile","actionType":"ProjectFile","actionValue":"","timesRun":1,"invalidExecutions":0,"solutionPath":"3806de31a136286ffb66dd1e3071281f2bde167188e9112c4ae50872a1eec642","projectGuid":"c2c38ee9-01b7-4929-b7e9-086077d1ab58","filePath":"35995a9d9fb86558a5de10a22298553e7381350725c60b2f4b51d51546ba11c4"},{"metricsType":"CTA","metricName":"BuildError","buildErrorCode":"CS0234","buildError":"CS0234: The type or namespace name 'Security' does not exist in the namespace 'System.Web' (are you missing an assembly reference?)","count":3,"solutionPath":"3806de31a136286ffb66dd1e3071281f2bde167188e9112c4ae50872a1eec642","projectGuid":"c2c38ee9-01b7-4929-b7e9-086077d1ab58"},{"metricsType":"CTA","metricName":"BuildError","buildErrorCode":"CS0246","buildError":"CS0246: The type or namespace name 'WebMatrix' could not be found (are you missing a using directive or an assembly reference?)","count":3,"solutionPath":"3806de31a136286ffb66dd1e3071281f2bde167188e9112c4ae50872a1eec642","projectGuid":"c2c38ee9-01b7-4929-b7e9-086077d1ab58"},{"metricsType":"CTA","metricName":"BuildError","buildErrorCode":"CS0234","buildError":"CS0234: The type or namespace name 'Web' does not exist in the namespace 'Microsoft' (are you missing an assembly reference?)","count":2,"solutionPath":"3806de31a136286ffb66dd1e3071281f2bde167188e9112c4ae50872a1eec642","projectGuid":"c2c38ee9-01b7-4929-b7e9-086077d1ab58"},{"metricsType":"CTA","metricName":"BuildError","buildErrorCode":"CS0234","buildError":"CS0234: The type or namespace name 'Mvc' does not exist in the namespace 'System.Web' (are you missing an assembly reference?)","count":9,"solutionPath":"3806de31a136286ffb66dd1e3071281f2bde167188e9112c4ae50872a1eec642","projectGuid":"c2c38ee9-01b7-4929-b7e9-086077d1ab58"},{"metricsType":"CTA","metricName":"BuildError","buildErrorCode":"CS0246","buildError":"CS0246: The type or namespace name 'DotNetOpenAuth' could not be found (are you missing a using directive or an assembly reference?)","count":1,"solutionPath":"3806de31a136286ffb66dd1e3071281f2bde167188e9112c4ae50872a1eec642","projectGuid":"c2c38ee9-01b7-4929-b7e9-086077d1ab58"},{"metricsType":"CTA","metricName":"BuildError","buildErrorCode":"CS0234","buildError":"CS0234: The type or namespace name 'Entity' does not exist in the namespace 'System.Data' (are you missing an assembly reference?)","count":7,"solutionPath":"3806de31a136286ffb66dd1e3071281f2bde167188e9112c4ae50872a1eec642","projectGuid":"c2c38ee9-01b7-4929-b7e9-086077d1ab58"},{"metricsType":"CTA","metricName":"BuildError","buildErrorCode":"CS0246","buildError":"CS0246: The type or namespace name 'Controller' could not be found (are you missing a using directive or an assembly reference?)","count":7,"solutionPath":"3806de31a136286ffb66dd1e3071281f2bde167188e9112c4ae50872a1eec642","projectGuid":"c2c38ee9-01b7-4929-b7e9-086077d1ab58"},{"metricsType":"CTA","metricName":"BuildError","buildErrorCode":"CS0246","buildError":"CS0246: The type or namespace name 'ActionFilterAttribute' could not be found (are you missing a using directive or an assembly reference?)","count":1,"solutionPath":"3806de31a136286ffb66dd1e3071281f2bde167188e9112c4ae50872a1eec642","projectGuid":"c2c38ee9-01b7-4929-b7e9-086077d1ab58"},{"metricsType":"CTA","metricName":"BuildError","buildErrorCode":"CS0246","buildError":"CS0246: The type or namespace name 'AuthorizeAttribute' could not be found (are you missing a using directive or an assembly reference?)","count":3,"solutionPath":"3806de31a136286ffb66dd1e3071281f2bde167188e9112c4ae50872a1eec642","projectGuid":"c2c38ee9-01b7-4929-b7e9-086077d1ab58"},{"metricsType":"CTA","metricName":"BuildError","buildErrorCode":"CS0246","buildError":"CS0246: The type or namespace name 'Authorize' could not be found (are you missing a using directive or an assembly reference?)","count":3,"solutionPath":"3806de31a136286ffb66dd1e3071281f2bde167188e9112c4ae50872a1eec642","projectGuid":"c2c38ee9-01b7-4929-b7e9-086077d1ab58"},{"metricsType":"CTA","metricName":"BuildError","buildErrorCode":"CS0246","buildError":"CS0246: The type or namespace name 'DbContext' could not be found (are you missing a using directive or an assembly reference?)","count":2,"solutionPath":"3806de31a136286ffb66dd1e3071281f2bde167188e9112c4ae50872a1eec642","projectGuid":"c2c38ee9-01b7-4929-b7e9-086077d1ab58"},{"metricsType":"CTA","metricName":"BuildError","buildErrorCode":"CS0616","buildError":"CS0616: 'InitializeSimpleMembershipAttribute' is not an attribute class","count":1,"solutionPath":"3806de31a136286ffb66dd1e3071281f2bde167188e9112c4ae50872a1eec642","projectGuid":"c2c38ee9-01b7-4929-b7e9-086077d1ab58"},{"metricsType":"CTA","metricName":"BuildError","buildErrorCode":"CS0246","buildError":"CS0246: The type or namespace name 'ActionResult' could not be found (are you missing a using directive or an assembly reference?)","count":36,"solutionPath":"3806de31a136286ffb66dd1e3071281f2bde167188e9112c4ae50872a1eec642","projectGuid":"c2c38ee9-01b7-4929-b7e9-086077d1ab58"},{"metricsType":"CTA","metricName":"BuildError","buildErrorCode":"CS0246","buildError":"CS0246: The type or namespace name 'FormCollection' could not be found (are you missing a using directive or an assembly reference?)","count":1,"solutionPath":"3806de31a136286ffb66dd1e3071281f2bde167188e9112c4ae50872a1eec642","projectGuid":"c2c38ee9-01b7-4929-b7e9-086077d1ab58"},{"metricsType":"CTA","metricName":"BuildError","buildErrorCode":"CS0246","buildError":"CS0246: The type or namespace name 'DbSet<>' could not be found (are you missing a using directive or an assembly reference?)","count":7,"solutionPath":"3806de31a136286ffb66dd1e3071281f2bde167188e9112c4ae50872a1eec642","projectGuid":"c2c38ee9-01b7-4929-b7e9-086077d1ab58"},{"metricsType":"CTA","metricName":"BuildError","buildErrorCode":"CS0246","buildError":"CS0246: The type or namespace name 'MembershipCreateStatus' could not be found (are you missing a using directive or an assembly reference?)","count":1,"solutionPath":"3806de31a136286ffb66dd1e3071281f2bde167188e9112c4ae50872a1eec642","projectGuid":"c2c38ee9-01b7-4929-b7e9-086077d1ab58"},{"metricsType":"CTA","metricName":"BuildError","buildErrorCode":"CS0246","buildError":"CS0246: The type or namespace name 'Roles' could not be found (are you missing a using directive or an assembly reference?)","count":1,"solutionPath":"3806de31a136286ffb66dd1e3071281f2bde167188e9112c4ae50872a1eec642","projectGuid":"c2c38ee9-01b7-4929-b7e9-086077d1ab58"},{"metricsType":"CTA","metricName":"BuildError","buildErrorCode":"CS0115","buildError":"CS0115: 'StoreManagerController.Dispose(bool)': no suitable method found to override","count":1,"solutionPath":"3806de31a136286ffb66dd1e3071281f2bde167188e9112c4ae50872a1eec642","projectGuid":"c2c38ee9-01b7-4929-b7e9-086077d1ab58"},{"metricsType":"CTA","metricName":"BuildError","buildErrorCode":"CS0246","buildError":"CS0246: The type or namespace name 'ControllerContext' could not be found (are you missing a using directive or an assembly reference?)","count":1,"solutionPath":"3806de31a136286ffb66dd1e3071281f2bde167188e9112c4ae50872a1eec642","projectGuid":"c2c38ee9-01b7-4929-b7e9-086077d1ab58"},{"metricsType":"CTA","metricName":"BuildError","buildErrorCode":"CS0246","buildError":"CS0246: The type or namespace name 'HttpPostAttribute' could not be found (are you missing a using directive or an assembly reference?)","count":12,"solutionPath":"3806de31a136286ffb66dd1e3071281f2bde167188e9112c4ae50872a1eec642","projectGuid":"c2c38ee9-01b7-4929-b7e9-086077d1ab58"},{"metricsType":"CTA","metricName":"BuildError","buildErrorCode":"CS0246","buildError":"CS0246: The type or namespace name 'HttpPost' could not be found (are you missing a using directive or an assembly reference?)","count":12,"solutionPath":"3806de31a136286ffb66dd1e3071281f2bde167188e9112c4ae50872a1eec642","projectGuid":"c2c38ee9-01b7-4929-b7e9-086077d1ab58"},{"metricsType":"CTA","metricName":"BuildError","buildErrorCode":"CS0246","buildError":"CS0246: The type or namespace name 'ChildActionOnlyAttribute' could not be found (are you missing a using directive or an assembly reference?)","count":4,"solutionPath":"3806de31a136286ffb66dd1e3071281f2bde167188e9112c4ae50872a1eec642","projectGuid":"c2c38ee9-01b7-4929-b7e9-086077d1ab58"},{"metricsType":"CTA","metricName":"BuildError","buildErrorCode":"CS0246","buildError":"CS0246: The type or namespace name 'ChildActionOnly' could not be found (are you missing a using directive or an assembly reference?)","count":4,"solutionPath":"3806de31a136286ffb66dd1e3071281f2bde167188e9112c4ae50872a1eec642","projectGuid":"c2c38ee9-01b7-4929-b7e9-086077d1ab58"},{"metricsType":"CTA","metricName":"BuildError","buildErrorCode":"CS0246","buildError":"CS0246: The type or namespace name 'ActionNameAttribute' could not be found (are you missing a using directive or an assembly reference?)","count":1,"solutionPath":"3806de31a136286ffb66dd1e3071281f2bde167188e9112c4ae50872a1eec642","projectGuid":"c2c38ee9-01b7-4929-b7e9-086077d1ab58"},{"metricsType":"CTA","metricName":"BuildError","buildErrorCode":"CS0246","buildError":"CS0246: The type or namespace name 'ActionName' could not be found (are you missing a using directive or an assembly reference?)","count":1,"solutionPath":"3806de31a136286ffb66dd1e3071281f2bde167188e9112c4ae50872a1eec642","projectGuid":"c2c38ee9-01b7-4929-b7e9-086077d1ab58"},{"metricsType":"CTA","metricName":"BuildError","buildErrorCode":"CS0641","buildError":"CS0641: Attribute 'AttributeUsage' is only valid on classes derived from System.Attribute","count":1,"solutionPath":"3806de31a136286ffb66dd1e3071281f2bde167188e9112c4ae50872a1eec642","projectGuid":"c2c38ee9-01b7-4929-b7e9-086077d1ab58"},{"metricsType":"CTA","metricName":"BuildError","buildErrorCode":"CS0246","buildError":"CS0246: The type or namespace name 'DropCreateDatabaseIfModelChanges<>' could not be found (are you missing a using directive or an assembly reference?)","count":1,"solutionPath":"3806de31a136286ffb66dd1e3071281f2bde167188e9112c4ae50872a1eec642","projectGuid":"c2c38ee9-01b7-4929-b7e9-086077d1ab58"},{"metricsType":"CTA","metricName":"BuildError","buildErrorCode":"CS0246","buildError":"CS0246: The type or namespace name 'AllowAnonymousAttribute' could not be found (are you missing a using directive or an assembly reference?)","count":9,"solutionPath":"3806de31a136286ffb66dd1e3071281f2bde167188e9112c4ae50872a1eec642","projectGuid":"c2c38ee9-01b7-4929-b7e9-086077d1ab58"},{"metricsType":"CTA","metricName":"BuildError","buildErrorCode":"CS0246","buildError":"CS0246: The type or namespace name 'AllowAnonymous' could not be found (are you missing a using directive or an assembly reference?)","count":9,"solutionPath":"3806de31a136286ffb66dd1e3071281f2bde167188e9112c4ae50872a1eec642","projectGuid":"c2c38ee9-01b7-4929-b7e9-086077d1ab58"},{"metricsType":"CTA","metricName":"BuildError","buildErrorCode":"CS0246","buildError":"CS0246: The type or namespace name 'ActionExecutingContext' could not be found (are you missing a using directive or an assembly reference?)","count":1,"solutionPath":"3806de31a136286ffb66dd1e3071281f2bde167188e9112c4ae50872a1eec642","projectGuid":"c2c38ee9-01b7-4929-b7e9-086077d1ab58"},{"metricsType":"CTA","metricName":"BuildError","buildErrorCode":"CS0246","buildError":"CS0246: The type or namespace name 'BindAttribute' could not be found (are you missing a using directive or an assembly reference?)","count":1,"solutionPath":"3806de31a136286ffb66dd1e3071281f2bde167188e9112c4ae50872a1eec642","projectGuid":"c2c38ee9-01b7-4929-b7e9-086077d1ab58"},{"metricsType":"CTA","metricName":"BuildError","buildErrorCode":"CS0246","buildError":"CS0246: The type or namespace name 'Bind' could not be found (are you missing a using directive or an assembly reference?)","count":1,"solutionPath":"3806de31a136286ffb66dd1e3071281f2bde167188e9112c4ae50872a1eec642","projectGuid":"c2c38ee9-01b7-4929-b7e9-086077d1ab58"},{"metricsType":"CTA","metricName":"BuildError","buildErrorCode":"CS0246","buildError":"CS0246: The type or namespace name 'Include' could not be found (are you missing a using directive or an assembly reference?)","count":1,"solutionPath":"3806de31a136286ffb66dd1e3071281f2bde167188e9112c4ae50872a1eec642","projectGuid":"c2c38ee9-01b7-4929-b7e9-086077d1ab58"},{"metricsType":"CTA","metricName":"BuildError","buildErrorCode":"CS0246","buildError":"CS0246: The type or namespace name 'HttpContextBase' could not be found (are you missing a using directive or an assembly reference?)","count":2,"solutionPath":"3806de31a136286ffb66dd1e3071281f2bde167188e9112c4ae50872a1eec642","projectGuid":"c2c38ee9-01b7-4929-b7e9-086077d1ab58"},{"metricsType":"CTA","metricName":"BuildError","buildErrorCode":"CS0246","buildError":"CS0246: The type or namespace name 'ValidateAntiForgeryTokenAttribute' could not be found (are you missing a using directive or an assembly reference?)","count":7,"solutionPath":"3806de31a136286ffb66dd1e3071281f2bde167188e9112c4ae50872a1eec642","projectGuid":"c2c38ee9-01b7-4929-b7e9-086077d1ab58"},{"metricsType":"CTA","metricName":"BuildError","buildErrorCode":"CS0246","buildError":"CS0246: The type or namespace name 'ValidateAntiForgeryToken' could not be found (are you missing a using directive or an assembly reference?)","count":7,"solutionPath":"3806de31a136286ffb66dd1e3071281f2bde167188e9112c4ae50872a1eec642","projectGuid":"c2c38ee9-01b7-4929-b7e9-086077d1ab58"},{"metricsType":"CTA","metricName":"BuildError","buildErrorCode":"CS0115","buildError":"CS0115: 'SampleData.Seed(MusicStoreEntities)': no suitable method found to override","count":1,"solutionPath":"3806de31a136286ffb66dd1e3071281f2bde167188e9112c4ae50872a1eec642","projectGuid":"c2c38ee9-01b7-4929-b7e9-086077d1ab58"},{"metricsType":"CTA","metricName":"BuildError","buildErrorCode":"CS1729","buildError":"CS1729: 'DbContext' does not contain a constructor that takes 1 arguments","count":1,"solutionPath":"3806de31a136286ffb66dd1e3071281f2bde167188e9112c4ae50872a1eec642","projectGuid":"c2c38ee9-01b7-4929-b7e9-086077d1ab58"},{"metricsType":"CTA","metricName":"BuildError","buildErrorCode":"CS0103","buildError":"CS0103: The name 'View' does not exist in the current context","count":26,"solutionPath":"3806de31a136286ffb66dd1e3071281f2bde167188e9112c4ae50872a1eec642","projectGuid":"c2c38ee9-01b7-4929-b7e9-086077d1ab58"},{"metricsType":"CTA","metricName":"BuildError","buildErrorCode":"CS0103","buildError":"CS0103: The name 'ViewBag' does not exist in the current context","count":22,"solutionPath":"3806de31a136286ffb66dd1e3071281f2bde167188e9112c4ae50872a1eec642","projectGuid":"c2c38ee9-01b7-4929-b7e9-086077d1ab58"},{"metricsType":"CTA","metricName":"BuildError","buildErrorCode":"CS0103","buildError":"CS0103: The name 'ConfigurationManager' does not exist in the current context","count":2,"solutionPath":"3806de31a136286ffb66dd1e3071281f2bde167188e9112c4ae50872a1eec642","projectGuid":"c2c38ee9-01b7-4929-b7e9-086077d1ab58"},{"metricsType":"CTA","metricName":"BuildError","buildErrorCode":"CS0103","buildError":"CS0103: The name 'WebSecurity' does not exist in the current context","count":13,"solutionPath":"3806de31a136286ffb66dd1e3071281f2bde167188e9112c4ae50872a1eec642","projectGuid":"c2c38ee9-01b7-4929-b7e9-086077d1ab58"},{"metricsType":"CTA","metricName":"BuildError","buildErrorCode":"CS0103","buildError":"CS0103: The name 'Roles' does not exist in the current context","count":4,"solutionPath":"3806de31a136286ffb66dd1e3071281f2bde167188e9112c4ae50872a1eec642","projectGuid":"c2c38ee9-01b7-4929-b7e9-086077d1ab58"},{"metricsType":"CTA","metricName":"BuildError","buildErrorCode":"CS0103","buildError":"CS0103: The name 'ModelState' does not exist in the current context","count":13,"solutionPath":"3806de31a136286ffb66dd1e3071281f2bde167188e9112c4ae50872a1eec642","projectGuid":"c2c38ee9-01b7-4929-b7e9-086077d1ab58"},{"metricsType":"CTA","metricName":"BuildError","buildErrorCode":"CS1061","buildError":"CS1061: 'AccountController' does not contain a definition for 'HttpContext' and no accessible extension method 'HttpContext' accepting a first argument of type 'AccountController' could be found (are you missing a using directive or an assembly reference?)","count":1,"solutionPath":"3806de31a136286ffb66dd1e3071281f2bde167188e9112c4ae50872a1eec642","projectGuid":"c2c38ee9-01b7-4929-b7e9-086077d1ab58"},{"metricsType":"CTA","metricName":"BuildError","buildErrorCode":"CS1061","buildError":"CS1061: 'MusicStoreEntities' does not contain a definition for 'SaveChanges' and no accessible extension method 'SaveChanges' accepting a first argument of type 'MusicStoreEntities' could be found (are you missing a using directive or an assembly reference?)","count":10,"solutionPath":"3806de31a136286ffb66dd1e3071281f2bde167188e9112c4ae50872a1eec642","projectGuid":"c2c38ee9-01b7-4929-b7e9-086077d1ab58"},{"metricsType":"CTA","metricName":"BuildError","buildErrorCode":"CS0103","buildError":"CS0103: The name 'Session' does not exist in the current context","count":1,"solutionPath":"3806de31a136286ffb66dd1e3071281f2bde167188e9112c4ae50872a1eec642","projectGuid":"c2c38ee9-01b7-4929-b7e9-086077d1ab58"},{"metricsType":"CTA","metricName":"BuildError","buildErrorCode":"CS0103","buildError":"CS0103: The name 'RedirectToAction' does not exist in the current context","count":13,"solutionPath":"3806de31a136286ffb66dd1e3071281f2bde167188e9112c4ae50872a1eec642","projectGuid":"c2c38ee9-01b7-4929-b7e9-086077d1ab58"},{"metricsType":"CTA","metricName":"BuildError","buildErrorCode":"CS0103","buildError":"CS0103: The name 'HttpNotFound' does not exist in the current context","count":3,"solutionPath":"3806de31a136286ffb66dd1e3071281f2bde167188e9112c4ae50872a1eec642","projectGuid":"c2c38ee9-01b7-4929-b7e9-086077d1ab58"},{"metricsType":"CTA","metricName":"BuildError","buildErrorCode":"CS0246","buildError":"CS0246: The type or namespace name 'SelectList' could not be found (are you missing a using directive or an assembly reference?)","count":8,"solutionPath":"3806de31a136286ffb66dd1e3071281f2bde167188e9112c4ae50872a1eec642","projectGuid":"c2c38ee9-01b7-4929-b7e9-086077d1ab58"},{"metricsType":"CTA","metricName":"BuildError","buildErrorCode":"CS1061","buildError":"CS1061: 'ShoppingCartController' does not contain a definition for 'HttpContext' and no accessible extension method 'HttpContext' accepting a first argument of type 'ShoppingCartController' could be found (are you missing a using directive or an assembly reference?)","count":4,"solutionPath":"3806de31a136286ffb66dd1e3071281f2bde167188e9112c4ae50872a1eec642","projectGuid":"c2c38ee9-01b7-4929-b7e9-086077d1ab58"},{"metricsType":"CTA","metricName":"BuildError","buildErrorCode":"CS1061","buildError":"CS1061: 'MusicStoreEntities' does not contain a definition for 'Entry' and no accessible extension method 'Entry' accepting a first argument of type 'MusicStoreEntities' could be found (are you missing a using directive or an assembly reference?)","count":1,"solutionPath":"3806de31a136286ffb66dd1e3071281f2bde167188e9112c4ae50872a1eec642","projectGuid":"c2c38ee9-01b7-4929-b7e9-086077d1ab58"},{"metricsType":"CTA","metricName":"BuildError","buildErrorCode":"CS0103","buildError":"CS0103: The name 'EntityState' does not exist in the current context","count":1,"solutionPath":"3806de31a136286ffb66dd1e3071281f2bde167188e9112c4ae50872a1eec642","projectGuid":"c2c38ee9-01b7-4929-b7e9-086077d1ab58"},{"metricsType":"CTA","metricName":"BuildError","buildErrorCode":"CS0103","buildError":"CS0103: The name 'TryUpdateModel' does not exist in the current context","count":1,"solutionPath":"3806de31a136286ffb66dd1e3071281f2bde167188e9112c4ae50872a1eec642","projectGuid":"c2c38ee9-01b7-4929-b7e9-086077d1ab58"},{"metricsType":"CTA","metricName":"BuildError","buildErrorCode":"CS0103","buildError":"CS0103: The name 'User' does not exist in the current context","count":14,"solutionPath":"3806de31a136286ffb66dd1e3071281f2bde167188e9112c4ae50872a1eec642","projectGuid":"c2c38ee9-01b7-4929-b7e9-086077d1ab58"},{"metricsType":"CTA","metricName":"BuildError","buildErrorCode":"CS1061","buildError":"CS1061: 'CheckoutController' does not contain a definition for 'HttpContext' and no accessible extension method 'HttpContext' accepting a first argument of type 'CheckoutController' could be found (are you missing a using directive or an assembly reference?)","count":1,"solutionPath":"3806de31a136286ffb66dd1e3071281f2bde167188e9112c4ae50872a1eec642","projectGuid":"c2c38ee9-01b7-4929-b7e9-086077d1ab58"},{"metricsType":"CTA","metricName":"BuildError","buildErrorCode":"CS0246","buildError":"CS0246: The type or namespace name 'MembershipCreateUserException' could not be found (are you missing a using directive or an assembly reference?)","count":1,"solutionPath":"3806de31a136286ffb66dd1e3071281f2bde167188e9112c4ae50872a1eec642","projectGuid":"c2c38ee9-01b7-4929-b7e9-086077d1ab58"},{"metricsType":"CTA","metricName":"BuildError","buildErrorCode":"CS0103","buildError":"CS0103: The name 'Database' does not exist in the current context","count":1,"solutionPath":"3806de31a136286ffb66dd1e3071281f2bde167188e9112c4ae50872a1eec642","projectGuid":"c2c38ee9-01b7-4929-b7e9-086077d1ab58"},{"metricsType":"CTA","metricName":"BuildError","buildErrorCode":"CS1674","buildError":"CS1674: 'UsersContext': type used in a using statement must be implicitly convertible to 'System.IDisposable'.","count":2,"solutionPath":"3806de31a136286ffb66dd1e3071281f2bde167188e9112c4ae50872a1eec642","projectGuid":"c2c38ee9-01b7-4929-b7e9-086077d1ab58"},{"metricsType":"CTA","metricName":"BuildError","buildErrorCode":"CS1061","buildError":"CS1061: 'UsersContext' does not contain a definition for 'Database' and no accessible extension method 'Database' accepting a first argument of type 'UsersContext' could be found (are you missing a using directive or an assembly reference?)","count":1,"solutionPath":"3806de31a136286ffb66dd1e3071281f2bde167188e9112c4ae50872a1eec642","projectGuid":"c2c38ee9-01b7-4929-b7e9-086077d1ab58"},{"metricsType":"CTA","metricName":"BuildError","buildErrorCode":"CS0246","buildError":"CS0246: The type or namespace name 'IObjectContextAdapter' could not be found (are you missing a using directive or an assembly reference?)","count":1,"solutionPath":"3806de31a136286ffb66dd1e3071281f2bde167188e9112c4ae50872a1eec642","projectGuid":"c2c38ee9-01b7-4929-b7e9-086077d1ab58"},{"metricsType":"CTA","metricName":"BuildError","buildErrorCode":"CS1061","buildError":"CS1061: 'MusicStoreEntities' does not contain a definition for 'Dispose' and no accessible extension method 'Dispose' accepting a first argument of type 'MusicStoreEntities' could be found (are you missing a using directive or an assembly reference?)","count":1,"solutionPath":"3806de31a136286ffb66dd1e3071281f2bde167188e9112c4ae50872a1eec642","projectGuid":"c2c38ee9-01b7-4929-b7e9-086077d1ab58"},{"metricsType":"CTA","metricName":"BuildError","buildErrorCode":"CS0103","buildError":"CS0103: The name 'Json' does not exist in the current context","count":1,"solutionPath":"3806de31a136286ffb66dd1e3071281f2bde167188e9112c4ae50872a1eec642","projectGuid":"c2c38ee9-01b7-4929-b7e9-086077d1ab58"},{"metricsType":"CTA","metricName":"BuildError","buildErrorCode":"CS1656","buildError":"CS1656: Cannot assign to 'Count' because it is a 'method group'","count":2,"solutionPath":"3806de31a136286ffb66dd1e3071281f2bde167188e9112c4ae50872a1eec642","projectGuid":"c2c38ee9-01b7-4929-b7e9-086077d1ab58"},{"metricsType":"CTA","metricName":"BuildError","buildErrorCode":"CS0103","buildError":"CS0103: The name 'PartialView' does not exist in the current context","count":4,"solutionPath":"3806de31a136286ffb66dd1e3071281f2bde167188e9112c4ae50872a1eec642","projectGuid":"c2c38ee9-01b7-4929-b7e9-086077d1ab58"},{"metricsType":"CTA","metricName":"BuildError","buildErrorCode":"CS0103","buildError":"CS0103: The name 'OAuthWebSecurity' does not exist in the current context","count":20,"solutionPath":"3806de31a136286ffb66dd1e3071281f2bde167188e9112c4ae50872a1eec642","projectGuid":"c2c38ee9-01b7-4929-b7e9-086077d1ab58"},{"metricsType":"CTA","metricName":"BuildError","buildErrorCode":"CS0103","buildError":"CS0103: The name 'Url' does not exist in the current context","count":5,"solutionPath":"3806de31a136286ffb66dd1e3071281f2bde167188e9112c4ae50872a1eec642","projectGuid":"c2c38ee9-01b7-4929-b7e9-086077d1ab58"},{"metricsType":"CTA","metricName":"BuildError","buildErrorCode":"CS0246","buildError":"CS0246: The type or namespace name 'ModelState' could not be found (are you missing a using directive or an assembly reference?)","count":1,"solutionPath":"3806de31a136286ffb66dd1e3071281f2bde167188e9112c4ae50872a1eec642","projectGuid":"c2c38ee9-01b7-4929-b7e9-086077d1ab58"},{"metricsType":"CTA","metricName":"BuildError","buildErrorCode":"CS0019","buildError":"CS0019: Operator '>' cannot be applied to operands of type 'method group' and 'int'","count":1,"solutionPath":"3806de31a136286ffb66dd1e3071281f2bde167188e9112c4ae50872a1eec642","projectGuid":"c2c38ee9-01b7-4929-b7e9-086077d1ab58"},{"metricsType":"CTA","metricName":"BuildError","buildErrorCode":"CS0428","buildError":"CS0428: Cannot convert method group 'Count' to non-delegate type 'int'. Did you intend to invoke the method?","count":1,"solutionPath":"3806de31a136286ffb66dd1e3071281f2bde167188e9112c4ae50872a1eec642","projectGuid":"c2c38ee9-01b7-4929-b7e9-086077d1ab58"},{"metricsType":"CTA","metricName":"BuildError","buildErrorCode":"CS0246","buildError":"CS0246: The type or namespace name 'AuthenticationResult' could not be found (are you missing a using directive or an assembly reference?)","count":1,"solutionPath":"3806de31a136286ffb66dd1e3071281f2bde167188e9112c4ae50872a1eec642","projectGuid":"c2c38ee9-01b7-4929-b7e9-086077d1ab58"},{"metricsType":"CTA","metricName":"BuildError","buildErrorCode":"CS1061","buildError":"CS1061: 'UsersContext' does not contain a definition for 'SaveChanges' and no accessible extension method 'SaveChanges' accepting a first argument of type 'UsersContext' could be found (are you missing a using directive or an assembly reference?)","count":1,"solutionPath":"3806de31a136286ffb66dd1e3071281f2bde167188e9112c4ae50872a1eec642","projectGuid":"c2c38ee9-01b7-4929-b7e9-086077d1ab58"},{"metricsType":"CTA","metricName":"BuildError","buildErrorCode":"CS0246","buildError":"CS0246: The type or namespace name 'OAuthAccount' could not be found (are you missing a using directive or an assembly reference?)","count":2,"solutionPath":"3806de31a136286ffb66dd1e3071281f2bde167188e9112c4ae50872a1eec642","projectGuid":"c2c38ee9-01b7-4929-b7e9-086077d1ab58"},{"metricsType":"CTA","metricName":"BuildError","buildErrorCode":"CS0246","buildError":"CS0246: The type or namespace name 'AuthenticationClientData' could not be found (are you missing a using directive or an assembly reference?)","count":1,"solutionPath":"3806de31a136286ffb66dd1e3071281f2bde167188e9112c4ae50872a1eec642","projectGuid":"c2c38ee9-01b7-4929-b7e9-086077d1ab58"},{"metricsType":"CTA","metricName":"BuildError","buildErrorCode":"CS0103","buildError":"CS0103: The name 'Redirect' does not exist in the current context","count":1,"solutionPath":"3806de31a136286ffb66dd1e3071281f2bde167188e9112c4ae50872a1eec642","projectGuid":"c2c38ee9-01b7-4929-b7e9-086077d1ab58"},{"metricsType":"CTA","metricName":"BuildError","buildErrorCode":"CS0030","buildError":"CS0030: Cannot convert type 'method' to 'int?'","count":2,"solutionPath":"3806de31a136286ffb66dd1e3071281f2bde167188e9112c4ae50872a1eec642","projectGuid":"c2c38ee9-01b7-4929-b7e9-086077d1ab58"},{"metricsType":"CTA","metricName":"BuildError","buildErrorCode":"CS0103","buildError":"CS0103: The name 'MembershipCreateStatus' does not exist in the current context","count":9,"solutionPath":"3806de31a136286ffb66dd1e3071281f2bde167188e9112c4ae50872a1eec642","projectGuid":"c2c38ee9-01b7-4929-b7e9-086077d1ab58"}]