[{"metricsType":"CTA","metricName":"Namespace","reference":"MvcMusicStore","solutionPath":"4579f07ee165c1b8264469bfc200ce72d00827db03eeba63bcb6cf8220e5fc0e"},{"metricsType":"CTA","metricName":"Namespace","reference":null,"solutionPath":"4579f07ee165c1b8264469bfc200ce72d00827db03eeba63bcb6cf8220e5fc0e"},{"metricsType":"CTA","metricName":"Namespace","reference":"MvcMusicStore.Filters","solutionPath":"4579f07ee165c1b8264469bfc200ce72d00827db03eeba63bcb6cf8220e5fc0e"},{"metricsType":"CTA","metricName":"Namespace","reference":"MvcMusicStore.Controllers","solutionPath":"4579f07ee165c1b8264469bfc200ce72d00827db03eeba63bcb6cf8220e5fc0e"},{"metricsType":"CTA","metricName":"Namespace","reference":"MvcMusicStore.Models","solutionPath":"4579f07ee165c1b8264469bfc200ce72d00827db03eeba63bcb6cf8220e5fc0e"},{"metricsType":"CTA","metricName":"Namespace","reference":"MvcMusicStore.ViewModels","solutionPath":"4579f07ee165c1b8264469bfc200ce72d00827db03eeba63bcb6cf8220e5fc0e"},{"metricsType":"CTA","metricName":"Namespace","reference":"project.all","solutionPath":"4579f07ee165c1b8264469bfc200ce72d00827db03eeba63bcb6cf8220e5fc0e"},{"metricsType":"CTA","metricName":"RulesFile","downloadedFile":"project.all.json","solutionPath":"4579f07ee165c1b8264469bfc200ce72d00827db03eeba63bcb6cf8220e5fc0e"},{"metricsType":"CTA","metricName":"TargetVersion","targetVersion":"netcoreapp3.1","solutionPath":"4579f07ee165c1b8264469bfc200ce72d00827db03eeba63bcb6cf8220e5fc0e","projectGuid":"c2c38ee9-01b7-4929-b7e9-086077d1ab58"},{"metricsType":"CTA","metricName":"BuildError","buildErrorCode":"OTHER","buildError":"rrors: Encountered an unknown build issue. Falling back to syntax analysis","count":1,"solutionPath":"4579f07ee165c1b8264469bfc200ce72d00827db03eeba63bcb6cf8220e5fc0e","projectGuid":"c2c38ee9-01b7-4929-b7e9-086077d1ab58"}]