[{"metricsType":"CTA","metricName":"Namespace","reference":"NetFrameworkExample","solutionPath":"caca17b1dd3276a41bf6dbad92bf61e56aaa8b2d6107a3278670a05d64019c32"},{"metricsType":"CTA","metricName":"Namespace","reference":"System.Web.Optimization","solutionPath":"caca17b1dd3276a41bf6dbad92bf61e56aaa8b2d6107a3278670a05d64019c32"},{"metricsType":"CTA","metricName":"Namespace","reference":"System.Web.Mvc","solutionPath":"caca17b1dd3276a41bf6dbad92bf61e56aaa8b2d6107a3278670a05d64019c32"},{"metricsType":"CTA","metricName":"Namespace","reference":"System.Web.Routing","solutionPath":"caca17b1dd3276a41bf6dbad92bf61e56aaa8b2d6107a3278670a05d64019c32"},{"metricsType":"CTA","metricName":"Namespace","reference":"NetFrameworkExample.Controllers","solutionPath":"caca17b1dd3276a41bf6dbad92bf61e56aaa8b2d6107a3278670a05d64019c32"},{"metricsType":"CTA","metricName":"Namespace","reference":"project.all","solutionPath":"caca17b1dd3276a41bf6dbad92bf61e56aaa8b2d6107a3278670a05d64019c32"},{"metricsType":"CTA","metricName":"RulesFile","downloadedFile":"system.web.mvc.json","solutionPath":"caca17b1dd3276a41bf6dbad92bf61e56aaa8b2d6107a3278670a05d64019c32"},{"metricsType":"CTA","metricName":"RulesFile","downloadedFile":"project.all.json","solutionPath":"caca17b1dd3276a41bf6dbad92bf61e56aaa8b2d6107a3278670a05d64019c32"},{"metricsType":"CTA","metricName":"TargetVersion","targetVersion":"netcoreapp3.1","solutionPath":"caca17b1dd3276a41bf6dbad92bf61e56aaa8b2d6107a3278670a05d64019c32","projectGuid":"669d6aa1-29d1-47ed-9489-796d989351ba"}]