[{"metricsType":"CTA","metricName":"Namespace","reference":"NetFrameworkExample","solutionPath":"39efaa162bcea3947be75b253a922679c2df356371e7eec6271b197659807bd3"},{"metricsType":"CTA","metricName":"Namespace","reference":"System.Web.Optimization","solutionPath":"39efaa162bcea3947be75b253a922679c2df356371e7eec6271b197659807bd3"},{"metricsType":"CTA","metricName":"Namespace","reference":"System.Web.Mvc","solutionPath":"39efaa162bcea3947be75b253a922679c2df356371e7eec6271b197659807bd3"},{"metricsType":"CTA","metricName":"Namespace","reference":"System.Web.Routing","solutionPath":"39efaa162bcea3947be75b253a922679c2df356371e7eec6271b197659807bd3"},{"metricsType":"CTA","metricName":"Namespace","reference":"NetFrameworkExample.Controllers","solutionPath":"39efaa162bcea3947be75b253a922679c2df356371e7eec6271b197659807bd3"},{"metricsType":"CTA","metricName":"Namespace","reference":null,"solutionPath":"39efaa162bcea3947be75b253a922679c2df356371e7eec6271b197659807bd3"},{"metricsType":"CTA","metricName":"Namespace","reference":"project.all","solutionPath":"39efaa162bcea3947be75b253a922679c2df356371e7eec6271b197659807bd3"},{"metricsType":"CTA","metricName":"RulesFile","downloadedFile":"project.all.json","solutionPath":"39efaa162bcea3947be75b253a922679c2df356371e7eec6271b197659807bd3"},{"metricsType":"CTA","metricName":"RulesFile","downloadedFile":"system.web.mvc.json","solutionPath":"39efaa162bcea3947be75b253a922679c2df356371e7eec6271b197659807bd3"},{"metricsType":"CTA","metricName":"TargetVersion","targetVersion":"netcoreapp3.1","solutionPath":"39efaa162bcea3947be75b253a922679c2df356371e7eec6271b197659807bd3","projectGuid":"669d6aa1-29d1-47ed-9489-796d989351ba"},{"metricsType":"CTA","metricName":"ActionExecution","actionName":"ArchiveFiles","actionType":"Project","actionValue":"BundleConfig.cs,FilterConfig.cs,RouteConfig.cs,WebApiConfig.cs,global.asax.cs,global.asax,AssemblyInfo.cs,packages.config","timesRun":1,"invalidExecutions":0,"solutionPath":"39efaa162bcea3947be75b253a922679c2df356371e7eec6271b197659807bd3","projectGuid":"669d6aa1-29d1-47ed-9489-796d989351ba","filePath":"669d6aa1-29d1-47ed-9489-796d989351ba"},{"metricsType":"CTA","metricName":"ActionExecution","actionName":"CreateNet3FolderHierarchy","actionType":"Project","actionValue":"","timesRun":1,"invalidExecutions":0,"solutionPath":"39efaa162bcea3947be75b253a922679c2df356371e7eec6271b197659807bd3","projectGuid":"669d6aa1-29d1-47ed-9489-796d989351ba","filePath":"669d6aa1-29d1-47ed-9489-796d989351ba"},{"metricsType":"CTA","metricName":"ActionExecution","actionName":"MigrateConfig","actionType":"Project","actionValue":"","timesRun":1,"invalidExecutions":0,"solutionPath":"39efaa162bcea3947be75b253a922679c2df356371e7eec6271b197659807bd3","projectGuid":"669d6aa1-29d1-47ed-9489-796d989351ba","filePath":"669d6aa1-29d1-47ed-9489-796d989351ba"},{"metricsType":"CTA","metricName":"ActionExecution","actionName":"MigrateProjectFile","actionType":"ProjectFile","actionValue":"","timesRun":1,"invalidExecutions":0,"solutionPath":"39efaa162bcea3947be75b253a922679c2df356371e7eec6271b197659807bd3","projectGuid":"669d6aa1-29d1-47ed-9489-796d989351ba","filePath":"0a3f30b07f5fea5a30fe0839bcd61236f4df081705314a8bb7b778c33db6a763"},{"metricsType":"CTA","metricName":"BuildError","buildErrorCode":"CS0234","buildError":"CS0234: The type or namespace name 'Mvc' does not exist in the namespace 'System.Web' (are you missing an assembly reference?)","count":1,"solutionPath":"39efaa162bcea3947be75b253a922679c2df356371e7eec6271b197659807bd3","projectGuid":"669d6aa1-29d1-47ed-9489-796d989351ba"},{"metricsType":"CTA","metricName":"BuildError","buildErrorCode":"CS0246","buildError":"CS0246: The type or namespace name 'Controller' could not be found (are you missing a using directive or an assembly reference?)","count":1,"solutionPath":"39efaa162bcea3947be75b253a922679c2df356371e7eec6271b197659807bd3","projectGuid":"669d6aa1-29d1-47ed-9489-796d989351ba"},{"metricsType":"CTA","metricName":"BuildError","buildErrorCode":"CS0246","buildError":"CS0246: The type or namespace name 'ActionResult' could not be found (are you missing a using directive or an assembly reference?)","count":3,"solutionPath":"39efaa162bcea3947be75b253a922679c2df356371e7eec6271b197659807bd3","projectGuid":"669d6aa1-29d1-47ed-9489-796d989351ba"},{"metricsType":"CTA","metricName":"BuildError","buildErrorCode":"CS0103","buildError":"CS0103: The name 'View' does not exist in the current context","count":3,"solutionPath":"39efaa162bcea3947be75b253a922679c2df356371e7eec6271b197659807bd3","projectGuid":"669d6aa1-29d1-47ed-9489-796d989351ba"},{"metricsType":"CTA","metricName":"BuildError","buildErrorCode":"CS0103","buildError":"CS0103: The name 'ViewBag' does not exist in the current context","count":2,"solutionPath":"39efaa162bcea3947be75b253a922679c2df356371e7eec6271b197659807bd3","projectGuid":"669d6aa1-29d1-47ed-9489-796d989351ba"}]