[{"metricsType":"CTA","metricName":"Namespace","reference":"Miniblog.Core","solutionPath":"abc5133e8824284c1d341126f676eea6cf399fda36fbca39d94d57bb9e6cbd09"},{"metricsType":"CTA","metricName":"Namespace","reference":"System.Diagnostics.CodeAnalysis","solutionPath":"abc5133e8824284c1d341126f676eea6cf399fda36fbca39d94d57bb9e6cbd09"},{"metricsType":"CTA","metricName":"Namespace","reference":"Miniblog.Core.Controllers","solutionPath":"abc5133e8824284c1d341126f676eea6cf399fda36fbca39d94d57bb9e6cbd09"},{"metricsType":"CTA","metricName":"Namespace","reference":"Microsoft.AspNetCore.Authorization","solutionPath":"abc5133e8824284c1d341126f676eea6cf399fda36fbca39d94d57bb9e6cbd09"},{"metricsType":"CTA","metricName":"Namespace","reference":"Miniblog.Core.Services","solutionPath":"abc5133e8824284c1d341126f676eea6cf399fda36fbca39d94d57bb9e6cbd09"},{"metricsType":"CTA","metricName":"Namespace","reference":"Microsoft.AspNetCore.Mvc","solutionPath":"abc5133e8824284c1d341126f676eea6cf399fda36fbca39d94d57bb9e6cbd09"},{"metricsType":"CTA","metricName":"Namespace","reference":"Microsoft.AspNetCore.Mvc.ViewFeatures","solutionPath":"abc5133e8824284c1d341126f676eea6cf399fda36fbca39d94d57bb9e6cbd09"},{"metricsType":"CTA","metricName":"Namespace","reference":"Miniblog.Core.Models","solutionPath":"abc5133e8824284c1d341126f676eea6cf399fda36fbca39d94d57bb9e6cbd09"},{"metricsType":"CTA","metricName":"Namespace","reference":"Microsoft.AspNetCore.Mvc.ModelBinding","solutionPath":"abc5133e8824284c1d341126f676eea6cf399fda36fbca39d94d57bb9e6cbd09"},{"metricsType":"CTA","metricName":"Namespace","reference":"System","solutionPath":"abc5133e8824284c1d341126f676eea6cf399fda36fbca39d94d57bb9e6cbd09"},{"metricsType":"CTA","metricName":"Namespace","reference":"Miniblog.Core.Properties","solutionPath":"abc5133e8824284c1d341126f676eea6cf399fda36fbca39d94d57bb9e6cbd09"},{"metricsType":"CTA","metricName":"Namespace","reference":"System.Security.Claims","solutionPath":"abc5133e8824284c1d341126f676eea6cf399fda36fbca39d94d57bb9e6cbd09"},{"metricsType":"CTA","metricName":"Namespace","reference":"Microsoft.AspNetCore.Authentication.Cookies","solutionPath":"abc5133e8824284c1d341126f676eea6cf399fda36fbca39d94d57bb9e6cbd09"},{"metricsType":"CTA","metricName":"Namespace","reference":"Microsoft.AspNetCore.Authentication","solutionPath":"abc5133e8824284c1d341126f676eea6cf399fda36fbca39d94d57bb9e6cbd09"},{"metricsType":"CTA","metricName":"Namespace","reference":"System.Threading.Tasks","solutionPath":"abc5133e8824284c1d341126f676eea6cf399fda36fbca39d94d57bb9e6cbd09"},{"metricsType":"CTA","metricName":"Namespace","reference":"WebEssentials.AspNetCore.Pwa","solutionPath":"abc5133e8824284c1d341126f676eea6cf399fda36fbca39d94d57bb9e6cbd09"},{"metricsType":"CTA","metricName":"Namespace","reference":"Microsoft.Extensions.Options","solutionPath":"abc5133e8824284c1d341126f676eea6cf399fda36fbca39d94d57bb9e6cbd09"},{"metricsType":"CTA","metricName":"Namespace","reference":"System.Security.Principal","solutionPath":"abc5133e8824284c1d341126f676eea6cf399fda36fbca39d94d57bb9e6cbd09"},{"metricsType":"CTA","metricName":"Namespace","reference":"Microsoft.AspNetCore.Http","solutionPath":"abc5133e8824284c1d341126f676eea6cf399fda36fbca39d94d57bb9e6cbd09"},{"metricsType":"CTA","metricName":"Namespace","reference":"System.Collections.Generic","solutionPath":"abc5133e8824284c1d341126f676eea6cf399fda36fbca39d94d57bb9e6cbd09"},{"metricsType":"CTA","metricName":"Namespace","reference":"System.Linq","solutionPath":"abc5133e8824284c1d341126f676eea6cf399fda36fbca39d94d57bb9e6cbd09"},{"metricsType":"CTA","metricName":"Namespace","reference":"System.Text.RegularExpressions","solutionPath":"abc5133e8824284c1d341126f676eea6cf399fda36fbca39d94d57bb9e6cbd09"},{"metricsType":"CTA","metricName":"Namespace","reference":"System.Xml","solutionPath":"abc5133e8824284c1d341126f676eea6cf399fda36fbca39d94d57bb9e6cbd09"},{"metricsType":"CTA","metricName":"Namespace","reference":"System.IO","solutionPath":"abc5133e8824284c1d341126f676eea6cf399fda36fbca39d94d57bb9e6cbd09"},{"metricsType":"CTA","metricName":"Namespace","reference":"System.Text","solutionPath":"abc5133e8824284c1d341126f676eea6cf399fda36fbca39d94d57bb9e6cbd09"},{"metricsType":"CTA","metricName":"Namespace","reference":"Microsoft.SyndicationFeed","solutionPath":"abc5133e8824284c1d341126f676eea6cf399fda36fbca39d94d57bb9e6cbd09"},{"metricsType":"CTA","metricName":"Namespace","reference":"Microsoft.SyndicationFeed.Atom","solutionPath":"abc5133e8824284c1d341126f676eea6cf399fda36fbca39d94d57bb9e6cbd09"},{"metricsType":"CTA","metricName":"Namespace","reference":"System.Globalization","solutionPath":"abc5133e8824284c1d341126f676eea6cf399fda36fbca39d94d57bb9e6cbd09"},{"metricsType":"CTA","metricName":"Namespace","reference":"Microsoft.SyndicationFeed.Rss","solutionPath":"abc5133e8824284c1d341126f676eea6cf399fda36fbca39d94d57bb9e6cbd09"},{"metricsType":"CTA","metricName":"Namespace","reference":"System.ComponentModel.DataAnnotations","solutionPath":"abc5133e8824284c1d341126f676eea6cf399fda36fbca39d94d57bb9e6cbd09"},{"metricsType":"CTA","metricName":"Namespace","reference":"System.Security.Cryptography","solutionPath":"abc5133e8824284c1d341126f676eea6cf399fda36fbca39d94d57bb9e6cbd09"},{"metricsType":"CTA","metricName":"Namespace","reference":"System.Net","solutionPath":"abc5133e8824284c1d341126f676eea6cf399fda36fbca39d94d57bb9e6cbd09"},{"metricsType":"CTA","metricName":"Namespace","reference":"System.CodeDom.Compiler","solutionPath":"abc5133e8824284c1d341126f676eea6cf399fda36fbca39d94d57bb9e6cbd09"},{"metricsType":"CTA","metricName":"Namespace","reference":"System.Diagnostics","solutionPath":"abc5133e8824284c1d341126f676eea6cf399fda36fbca39d94d57bb9e6cbd09"},{"metricsType":"CTA","metricName":"Namespace","reference":"System.Runtime.CompilerServices","solutionPath":"abc5133e8824284c1d341126f676eea6cf399fda36fbca39d94d57bb9e6cbd09"},{"metricsType":"CTA","metricName":"Namespace","reference":"System.ComponentModel","solutionPath":"abc5133e8824284c1d341126f676eea6cf399fda36fbca39d94d57bb9e6cbd09"},{"metricsType":"CTA","metricName":"Namespace","reference":"System.Resources","solutionPath":"abc5133e8824284c1d341126f676eea6cf399fda36fbca39d94d57bb9e6cbd09"},{"metricsType":"CTA","metricName":"Namespace","reference":"Microsoft.Extensions.Configuration","solutionPath":"abc5133e8824284c1d341126f676eea6cf399fda36fbca39d94d57bb9e6cbd09"},{"metricsType":"CTA","metricName":"Namespace","reference":"Microsoft.AspNetCore.Cryptography.KeyDerivation","solutionPath":"abc5133e8824284c1d341126f676eea6cf399fda36fbca39d94d57bb9e6cbd09"},{"metricsType":"CTA","metricName":"Namespace","reference":"Microsoft.AspNetCore.Hosting","solutionPath":"abc5133e8824284c1d341126f676eea6cf399fda36fbca39d94d57bb9e6cbd09"},{"metricsType":"CTA","metricName":"Namespace","reference":"System.Xml.Linq","solutionPath":"abc5133e8824284c1d341126f676eea6cf399fda36fbca39d94d57bb9e6cbd09"},{"metricsType":"CTA","metricName":"Namespace","reference":"System.Xml.XPath","solutionPath":"abc5133e8824284c1d341126f676eea6cf399fda36fbca39d94d57bb9e6cbd09"},{"metricsType":"CTA","metricName":"Namespace","reference":"System.Threading","solutionPath":"abc5133e8824284c1d341126f676eea6cf399fda36fbca39d94d57bb9e6cbd09"},{"metricsType":"CTA","metricName":"Namespace","reference":"WilderMinds.MetaWeblog","solutionPath":"abc5133e8824284c1d341126f676eea6cf399fda36fbca39d94d57bb9e6cbd09"},{"metricsType":"CTA","metricName":"Namespace","reference":"Microsoft.Extensions.Hosting","solutionPath":"abc5133e8824284c1d341126f676eea6cf399fda36fbca39d94d57bb9e6cbd09"},{"metricsType":"CTA","metricName":"Namespace","reference":"Microsoft.AspNetCore.Server.Kestrel.Core","solutionPath":"abc5133e8824284c1d341126f676eea6cf399fda36fbca39d94d57bb9e6cbd09"},{"metricsType":"CTA","metricName":"Namespace","reference":"Microsoft.AspNetCore.Builder","solutionPath":"abc5133e8824284c1d341126f676eea6cf399fda36fbca39d94d57bb9e6cbd09"},{"metricsType":"CTA","metricName":"Namespace","reference":"WebMarkupMin.AspNetCore2","solutionPath":"abc5133e8824284c1d341126f676eea6cf399fda36fbca39d94d57bb9e6cbd09"},{"metricsType":"CTA","metricName":"Namespace","reference":"Microsoft.Extensions.DependencyInjection","solutionPath":"abc5133e8824284c1d341126f676eea6cf399fda36fbca39d94d57bb9e6cbd09"},{"metricsType":"CTA","metricName":"Namespace","reference":"Microsoft.Extensions.DependencyInjection.Extensions","solutionPath":"abc5133e8824284c1d341126f676eea6cf399fda36fbca39d94d57bb9e6cbd09"},{"metricsType":"CTA","metricName":"Namespace","reference":"WebEssentials.AspNetCore.OutputCaching","solutionPath":"abc5133e8824284c1d341126f676eea6cf399fda36fbca39d94d57bb9e6cbd09"},{"metricsType":"CTA","metricName":"Namespace","reference":"WebMarkupMin.AspNet.Common","solutionPath":"abc5133e8824284c1d341126f676eea6cf399fda36fbca39d94d57bb9e6cbd09"},{"metricsType":"CTA","metricName":"Namespace","reference":"WebMarkupMin.Core","solutionPath":"abc5133e8824284c1d341126f676eea6cf399fda36fbca39d94d57bb9e6cbd09"},{"metricsType":"CTA","metricName":"Namespace","reference":"WebMarkupMin.Core.Loggers","solutionPath":"abc5133e8824284c1d341126f676eea6cf399fda36fbca39d94d57bb9e6cbd09"},{"metricsType":"CTA","metricName":"Namespace","reference":"System.Reflection","solutionPath":"abc5133e8824284c1d341126f676eea6cf399fda36fbca39d94d57bb9e6cbd09"},{"metricsType":"CTA","metricName":"Namespace","reference":"project.all","solutionPath":"abc5133e8824284c1d341126f676eea6cf399fda36fbca39d94d57bb9e6cbd09"},{"metricsType":"CTA","metricName":"RulesFile","downloadedFile":"project.all.json","solutionPath":"abc5133e8824284c1d341126f676eea6cf399fda36fbca39d94d57bb9e6cbd09"},{"metricsType":"CTA","metricName":"TargetVersion","targetVersion":"netcoreapp3.1","solutionPath":"abc5133e8824284c1d341126f676eea6cf399fda36fbca39d94d57bb9e6cbd09","projectGuid":"8ce1a353-8b0d-43f1-b681-6057bac241bc"},{"metricsType":"CTA","metricName":"TargetVersion","targetVersion":"netcoreapp3.1","solutionPath":"abc5133e8824284c1d341126f676eea6cf399fda36fbca39d94d57bb9e6cbd09","projectGuid":"8ce1a353-8b0d-43f1-b681-6057bac241bc"},{"metricsType":"CTA","metricName":"ActionExecution","actionName":"MigrateConfig","actionType":"Project","actionValue":"","timesRun":1,"invalidExecutions":0,"solutionPath":"abc5133e8824284c1d341126f676eea6cf399fda36fbca39d94d57bb9e6cbd09","projectGuid":"8ce1a353-8b0d-43f1-b681-6057bac241bc","filePath":"8ce1a353-8b0d-43f1-b681-6057bac241bc"},{"metricsType":"CTA","metricName":"ActionExecution","actionName":"MigrateProjectFile","actionType":"ProjectFile","actionValue":"","timesRun":1,"invalidExecutions":0,"solutionPath":"abc5133e8824284c1d341126f676eea6cf399fda36fbca39d94d57bb9e6cbd09","projectGuid":"8ce1a353-8b0d-43f1-b681-6057bac241bc","filePath":"21cee9979964e2092ca48e0a3faa237cf7ff742219e571ed56d21bbf4d80c430"},{"metricsType":"CTA","metricName":"ActionExecution","actionName":"MigrateConfig","actionType":"Project","actionValue":"","timesRun":1,"invalidExecutions":0,"solutionPath":"abc5133e8824284c1d341126f676eea6cf399fda36fbca39d94d57bb9e6cbd09","projectGuid":"8ce1a353-8b0d-43f1-b681-6057bac241bc","filePath":"8ce1a353-8b0d-43f1-b681-6057bac241bc"},{"metricsType":"CTA","metricName":"ActionExecution","actionName":"MigrateProjectFile","actionType":"ProjectFile","actionValue":"","timesRun":1,"invalidExecutions":0,"solutionPath":"abc5133e8824284c1d341126f676eea6cf399fda36fbca39d94d57bb9e6cbd09","projectGuid":"8ce1a353-8b0d-43f1-b681-6057bac241bc","filePath":"21cee9979964e2092ca48e0a3faa237cf7ff742219e571ed56d21bbf4d80c430"}]