[{"metricsType":"CTA","language":null,"metricName":"Namespace","reference":"Global","solutionPath":"f610291af36872e37eb9f6240edce09a590de16ac5bcd213a3d242e9d30b3ebe"},{"metricsType":"CTA","language":null,"metricName":"Namespace","reference":"System","solutionPath":"f610291af36872e37eb9f6240edce09a590de16ac5bcd213a3d242e9d30b3ebe"},{"metricsType":"CTA","language":null,"metricName":"Namespace","reference":"System.Web","solutionPath":"f610291af36872e37eb9f6240edce09a590de16ac5bcd213a3d242e9d30b3ebe"},{"metricsType":"CTA","language":null,"metricName":"Namespace","reference":"System.Web.Optimization","solutionPath":"f610291af36872e37eb9f6240edce09a590de16ac5bcd213a3d242e9d30b3ebe"},{"metricsType":"CTA","language":null,"metricName":"Namespace","reference":"System.Web.Mvc","solutionPath":"f610291af36872e37eb9f6240edce09a590de16ac5bcd213a3d242e9d30b3ebe"},{"metricsType":"CTA","language":null,"metricName":"Namespace","reference":"System.Collections","solutionPath":"f610291af36872e37eb9f6240edce09a590de16ac5bcd213a3d242e9d30b3ebe"},{"metricsType":"CTA","language":null,"metricName":"Namespace","reference":"System.Web.Routing","solutionPath":"f610291af36872e37eb9f6240edce09a590de16ac5bcd213a3d242e9d30b3ebe"},{"metricsType":"CTA","language":null,"metricName":"Namespace","reference":"System.Web.Http","solutionPath":"f610291af36872e37eb9f6240edce09a590de16ac5bcd213a3d242e9d30b3ebe"},{"metricsType":"CTA","language":null,"metricName":"Namespace","reference":"System.Runtime","solutionPath":"f610291af36872e37eb9f6240edce09a590de16ac5bcd213a3d242e9d30b3ebe"},{"metricsType":"CTA","language":null,"metricName":"Namespace","reference":"Areas","solutionPath":"f610291af36872e37eb9f6240edce09a590de16ac5bcd213a3d242e9d30b3ebe"},{"metricsType":"CTA","language":null,"metricName":"Namespace","reference":"System.Web.Http.Description","solutionPath":"f610291af36872e37eb9f6240edce09a590de16ac5bcd213a3d242e9d30b3ebe"},{"metricsType":"CTA","language":null,"metricName":"Namespace","reference":"System.Text","solutionPath":"f610291af36872e37eb9f6240edce09a590de16ac5bcd213a3d242e9d30b3ebe"},{"metricsType":"CTA","language":null,"metricName":"Namespace","reference":"System.Diagnostics","solutionPath":"f610291af36872e37eb9f6240edce09a590de16ac5bcd213a3d242e9d30b3ebe"},{"metricsType":"CTA","language":null,"metricName":"Namespace","reference":"System.Net","solutionPath":"f610291af36872e37eb9f6240edce09a590de16ac5bcd213a3d242e9d30b3ebe"},{"metricsType":"CTA","language":null,"metricName":"Namespace","reference":"System.Net.Http","solutionPath":"f610291af36872e37eb9f6240edce09a590de16ac5bcd213a3d242e9d30b3ebe"},{"metricsType":"CTA","language":null,"metricName":"Namespace","reference":"Areas.HelpPage","solutionPath":"f610291af36872e37eb9f6240edce09a590de16ac5bcd213a3d242e9d30b3ebe"},{"metricsType":"CTA","language":null,"metricName":"Namespace","reference":"System.Net.Http.Headers","solutionPath":"f610291af36872e37eb9f6240edce09a590de16ac5bcd213a3d242e9d30b3ebe"},{"metricsType":"CTA","language":null,"metricName":"Namespace","reference":"Areas.HelpPage.Controllers","solutionPath":"f610291af36872e37eb9f6240edce09a590de16ac5bcd213a3d242e9d30b3ebe"},{"metricsType":"CTA","language":null,"metricName":"Namespace","reference":"System.Web.Http.Controllers","solutionPath":"f610291af36872e37eb9f6240edce09a590de16ac5bcd213a3d242e9d30b3ebe"},{"metricsType":"CTA","language":null,"metricName":"Namespace","reference":"System.Collections.Generic","solutionPath":"f610291af36872e37eb9f6240edce09a590de16ac5bcd213a3d242e9d30b3ebe"},{"metricsType":"CTA","language":null,"metricName":"Namespace","reference":"System.Collections.Concurrent","solutionPath":"f610291af36872e37eb9f6240edce09a590de16ac5bcd213a3d242e9d30b3ebe"},{"metricsType":"CTA","language":null,"metricName":"Namespace","reference":"System.Linq","solutionPath":"f610291af36872e37eb9f6240edce09a590de16ac5bcd213a3d242e9d30b3ebe"},{"metricsType":"CTA","language":null,"metricName":"Namespace","reference":"System.ComponentModel","solutionPath":"f610291af36872e37eb9f6240edce09a590de16ac5bcd213a3d242e9d30b3ebe"},{"metricsType":"CTA","language":null,"metricName":"Namespace","reference":"Areas.HelpPage.ModelDescriptions","solutionPath":"f610291af36872e37eb9f6240edce09a590de16ac5bcd213a3d242e9d30b3ebe"},{"metricsType":"CTA","language":null,"metricName":"Namespace","reference":"System.Reflection","solutionPath":"f610291af36872e37eb9f6240edce09a590de16ac5bcd213a3d242e9d30b3ebe"},{"metricsType":"CTA","language":null,"metricName":"Namespace","reference":"System.Xml","solutionPath":"f610291af36872e37eb9f6240edce09a590de16ac5bcd213a3d242e9d30b3ebe"},{"metricsType":"CTA","language":null,"metricName":"Namespace","reference":"Newtonsoft","solutionPath":"f610291af36872e37eb9f6240edce09a590de16ac5bcd213a3d242e9d30b3ebe"},{"metricsType":"CTA","language":null,"metricName":"Namespace","reference":"System.ComponentModel.DataAnnotations","solutionPath":"f610291af36872e37eb9f6240edce09a590de16ac5bcd213a3d242e9d30b3ebe"},{"metricsType":"CTA","language":null,"metricName":"Namespace","reference":"Newtonsoft.Json","solutionPath":"f610291af36872e37eb9f6240edce09a590de16ac5bcd213a3d242e9d30b3ebe"},{"metricsType":"CTA","language":null,"metricName":"Namespace","reference":"System.Runtime.Serialization","solutionPath":"f610291af36872e37eb9f6240edce09a590de16ac5bcd213a3d242e9d30b3ebe"},{"metricsType":"CTA","language":null,"metricName":"Namespace","reference":"System.Xml.Serialization","solutionPath":"f610291af36872e37eb9f6240edce09a590de16ac5bcd213a3d242e9d30b3ebe"},{"metricsType":"CTA","language":null,"metricName":"Namespace","reference":"System.Collections.ObjectModel","solutionPath":"f610291af36872e37eb9f6240edce09a590de16ac5bcd213a3d242e9d30b3ebe"},{"metricsType":"CTA","language":null,"metricName":"Namespace","reference":"System.Net.Http.Formatting","solutionPath":"f610291af36872e37eb9f6240edce09a590de16ac5bcd213a3d242e9d30b3ebe"},{"metricsType":"CTA","language":null,"metricName":"Namespace","reference":"System.IO","solutionPath":"f610291af36872e37eb9f6240edce09a590de16ac5bcd213a3d242e9d30b3ebe"},{"metricsType":"CTA","language":null,"metricName":"Namespace","reference":"System.Threading.Tasks","solutionPath":"f610291af36872e37eb9f6240edce09a590de16ac5bcd213a3d242e9d30b3ebe"},{"metricsType":"CTA","language":null,"metricName":"Namespace","reference":"System.Xml.Linq","solutionPath":"f610291af36872e37eb9f6240edce09a590de16ac5bcd213a3d242e9d30b3ebe"},{"metricsType":"CTA","language":null,"metricName":"Namespace","reference":"Microsoft","solutionPath":"f610291af36872e37eb9f6240edce09a590de16ac5bcd213a3d242e9d30b3ebe"},{"metricsType":"CTA","language":null,"metricName":"Namespace","reference":"System.Xml.XPath","solutionPath":"f610291af36872e37eb9f6240edce09a590de16ac5bcd213a3d242e9d30b3ebe"},{"metricsType":"CTA","language":null,"metricName":"Namespace","reference":"My","solutionPath":"f610291af36872e37eb9f6240edce09a590de16ac5bcd213a3d242e9d30b3ebe"},{"metricsType":"CTA","language":null,"metricName":"Namespace","reference":"System.CodeDom","solutionPath":"f610291af36872e37eb9f6240edce09a590de16ac5bcd213a3d242e9d30b3ebe"},{"metricsType":"CTA","language":null,"metricName":"Namespace","reference":"System.CodeDom.Compiler","solutionPath":"f610291af36872e37eb9f6240edce09a590de16ac5bcd213a3d242e9d30b3ebe"},{"metricsType":"CTA","language":null,"metricName":"Namespace","reference":"System.Runtime.CompilerServices","solutionPath":"f610291af36872e37eb9f6240edce09a590de16ac5bcd213a3d242e9d30b3ebe"},{"metricsType":"CTA","language":null,"metricName":"Namespace","reference":"System.Resources","solutionPath":"f610291af36872e37eb9f6240edce09a590de16ac5bcd213a3d242e9d30b3ebe"},{"metricsType":"CTA","language":null,"metricName":"Namespace","reference":"System.Globalization","solutionPath":"f610291af36872e37eb9f6240edce09a590de16ac5bcd213a3d242e9d30b3ebe"},{"metricsType":"CTA","language":null,"metricName":"Namespace","reference":"System.Configuration","solutionPath":"f610291af36872e37eb9f6240edce09a590de16ac5bcd213a3d242e9d30b3ebe"},{"metricsType":"CTA","language":null,"metricName":"Namespace","reference":"System.ComponentModel.Design","solutionPath":"f610291af36872e37eb9f6240edce09a590de16ac5bcd213a3d242e9d30b3ebe"},{"metricsType":"CTA","language":null,"metricName":"Namespace","reference":"project.all","solutionPath":"f610291af36872e37eb9f6240edce09a590de16ac5bcd213a3d242e9d30b3ebe"},{"metricsType":"CTA","language":null,"metricName":"RulesFile","downloadedFile":"project.all.json","solutionPath":"f610291af36872e37eb9f6240edce09a590de16ac5bcd213a3d242e9d30b3ebe"},{"metricsType":"CTA","language":null,"metricName":"RulesFile","downloadedFile":"system.configuration.json","solutionPath":"f610291af36872e37eb9f6240edce09a590de16ac5bcd213a3d242e9d30b3ebe"},{"metricsType":"CTA","language":null,"metricName":"RulesFile","downloadedFile":"system.web.mvc.json","solutionPath":"f610291af36872e37eb9f6240edce09a590de16ac5bcd213a3d242e9d30b3ebe"},{"metricsType":"CTA","language":null,"metricName":"RulesFile","downloadedFile":"system.web.http.json","solutionPath":"f610291af36872e37eb9f6240edce09a590de16ac5bcd213a3d242e9d30b3ebe"},{"metricsType":"CTA","language":null,"metricName":"RulesFile","downloadedFile":"system.web.json","solutionPath":"f610291af36872e37eb9f6240edce09a590de16ac5bcd213a3d242e9d30b3ebe"},{"metricsType":"CTA","language":"visualbasic","metricName":"TargetVersion","targetVersion":"net6.0","sourceVersion":"net48","solutionPath":"f610291af36872e37eb9f6240edce09a590de16ac5bcd213a3d242e9d30b3ebe","projectGuid":"0d88d159-c84f-485f-9032-eb3ad4b08214"},{"metricsType":"CTA","language":"visualbasic","metricName":"TargetVersion","targetVersion":"net6.0","sourceVersion":"net48","solutionPath":"f610291af36872e37eb9f6240edce09a590de16ac5bcd213a3d242e9d30b3ebe","projectGuid":"0d88d159-c84f-485f-9032-eb3ad4b08214"}]