[{"metricsType":"CTA","language":null,"metricName":"Namespace","reference":"Global","solutionPath":"b3ef39dd22c445a863f167af20d59020caf6e2ebb8b6a875953525feabf0593a"},{"metricsType":"CTA","language":null,"metricName":"Namespace","reference":"System","solutionPath":"b3ef39dd22c445a863f167af20d59020caf6e2ebb8b6a875953525feabf0593a"},{"metricsType":"CTA","language":null,"metricName":"Namespace","reference":"System.Web","solutionPath":"b3ef39dd22c445a863f167af20d59020caf6e2ebb8b6a875953525feabf0593a"},{"metricsType":"CTA","language":null,"metricName":"Namespace","reference":"System.Web.Optimization","solutionPath":"b3ef39dd22c445a863f167af20d59020caf6e2ebb8b6a875953525feabf0593a"},{"metricsType":"CTA","language":null,"metricName":"Namespace","reference":"System.Web.Mvc","solutionPath":"b3ef39dd22c445a863f167af20d59020caf6e2ebb8b6a875953525feabf0593a"},{"metricsType":"CTA","language":null,"metricName":"Namespace","reference":"System.Collections","solutionPath":"b3ef39dd22c445a863f167af20d59020caf6e2ebb8b6a875953525feabf0593a"},{"metricsType":"CTA","language":null,"metricName":"Namespace","reference":"System.Web.Routing","solutionPath":"b3ef39dd22c445a863f167af20d59020caf6e2ebb8b6a875953525feabf0593a"},{"metricsType":"CTA","language":null,"metricName":"Namespace","reference":"System.Runtime","solutionPath":"b3ef39dd22c445a863f167af20d59020caf6e2ebb8b6a875953525feabf0593a"},{"metricsType":"CTA","language":null,"metricName":"Namespace","reference":"My","solutionPath":"b3ef39dd22c445a863f167af20d59020caf6e2ebb8b6a875953525feabf0593a"},{"metricsType":"CTA","language":null,"metricName":"Namespace","reference":"System.CodeDom","solutionPath":"b3ef39dd22c445a863f167af20d59020caf6e2ebb8b6a875953525feabf0593a"},{"metricsType":"CTA","language":null,"metricName":"Namespace","reference":"System.CodeDom.Compiler","solutionPath":"b3ef39dd22c445a863f167af20d59020caf6e2ebb8b6a875953525feabf0593a"},{"metricsType":"CTA","language":null,"metricName":"Namespace","reference":"System.Diagnostics","solutionPath":"b3ef39dd22c445a863f167af20d59020caf6e2ebb8b6a875953525feabf0593a"},{"metricsType":"CTA","language":null,"metricName":"Namespace","reference":"System.Runtime.CompilerServices","solutionPath":"b3ef39dd22c445a863f167af20d59020caf6e2ebb8b6a875953525feabf0593a"},{"metricsType":"CTA","language":null,"metricName":"Namespace","reference":"Microsoft","solutionPath":"b3ef39dd22c445a863f167af20d59020caf6e2ebb8b6a875953525feabf0593a"},{"metricsType":"CTA","language":null,"metricName":"Namespace","reference":"System.Resources","solutionPath":"b3ef39dd22c445a863f167af20d59020caf6e2ebb8b6a875953525feabf0593a"},{"metricsType":"CTA","language":null,"metricName":"Namespace","reference":"System.Globalization","solutionPath":"b3ef39dd22c445a863f167af20d59020caf6e2ebb8b6a875953525feabf0593a"},{"metricsType":"CTA","language":null,"metricName":"Namespace","reference":"System.ComponentModel","solutionPath":"b3ef39dd22c445a863f167af20d59020caf6e2ebb8b6a875953525feabf0593a"},{"metricsType":"CTA","language":null,"metricName":"Namespace","reference":"System.Configuration","solutionPath":"b3ef39dd22c445a863f167af20d59020caf6e2ebb8b6a875953525feabf0593a"},{"metricsType":"CTA","language":null,"metricName":"Namespace","reference":"System.ComponentModel.Design","solutionPath":"b3ef39dd22c445a863f167af20d59020caf6e2ebb8b6a875953525feabf0593a"},{"metricsType":"CTA","language":null,"metricName":"Namespace","reference":"project.all","solutionPath":"b3ef39dd22c445a863f167af20d59020caf6e2ebb8b6a875953525feabf0593a"},{"metricsType":"CTA","language":null,"metricName":"RulesFile","downloadedFile":"project.all.json","solutionPath":"b3ef39dd22c445a863f167af20d59020caf6e2ebb8b6a875953525feabf0593a"},{"metricsType":"CTA","language":null,"metricName":"RulesFile","downloadedFile":"system.configuration.json","solutionPath":"b3ef39dd22c445a863f167af20d59020caf6e2ebb8b6a875953525feabf0593a"},{"metricsType":"CTA","language":null,"metricName":"RulesFile","downloadedFile":"system.web.mvc.json","solutionPath":"b3ef39dd22c445a863f167af20d59020caf6e2ebb8b6a875953525feabf0593a"},{"metricsType":"CTA","language":null,"metricName":"RulesFile","downloadedFile":"system.web.json","solutionPath":"b3ef39dd22c445a863f167af20d59020caf6e2ebb8b6a875953525feabf0593a"},{"metricsType":"CTA","language":"visualbasic","metricName":"TargetVersion","targetVersion":"net6.0","sourceVersion":"net48","solutionPath":"b3ef39dd22c445a863f167af20d59020caf6e2ebb8b6a875953525feabf0593a","projectGuid":"9fbd525a-7896-4aea-a2c8-38047168fb85"},{"metricsType":"CTA","language":"visualbasic","metricName":"TargetVersion","targetVersion":"net6.0","sourceVersion":"net48","solutionPath":"b3ef39dd22c445a863f167af20d59020caf6e2ebb8b6a875953525feabf0593a","projectGuid":"9fbd525a-7896-4aea-a2c8-38047168fb85"},{"metricsType":"CTA","language":"visualbasic","metricName":"ActionExecution","actionName":"ArchiveFiles","actionType":"Project","actionValue":"BundleConfig.vb,FilterConfig.vb,RouteConfig.vb,WebApiConfig.vb,global.asax.vb,global.asax,AssemblyInfo.vb,packages.config","timesRun":1,"invalidExecutions":0,"solutionPath":"b3ef39dd22c445a863f167af20d59020caf6e2ebb8b6a875953525feabf0593a","projectGuid":"9fbd525a-7896-4aea-a2c8-38047168fb85","filePath":"9fbd525a-7896-4aea-a2c8-38047168fb85"},{"metricsType":"CTA","language":"visualbasic","metricName":"ActionExecution","actionName":"MigrateConfig","actionType":"Project","actionValue":"","timesRun":1,"invalidExecutions":0,"solutionPath":"b3ef39dd22c445a863f167af20d59020caf6e2ebb8b6a875953525feabf0593a","projectGuid":"9fbd525a-7896-4aea-a2c8-38047168fb85","filePath":"9fbd525a-7896-4aea-a2c8-38047168fb85"},{"metricsType":"CTA","language":"visualbasic","metricName":"ActionExecution","actionName":"MigrateProjectFile","actionType":"ProjectFile","actionValue":"","timesRun":1,"invalidExecutions":0,"solutionPath":"b3ef39dd22c445a863f167af20d59020caf6e2ebb8b6a875953525feabf0593a","projectGuid":"9fbd525a-7896-4aea-a2c8-38047168fb85","filePath":"333afd599a1f3c648a6527a4128217f6569c5535bbb8b1dd4fc0bc27d142c122"},{"metricsType":"CTA","language":"visualbasic","metricName":"ActionExecution","actionName":"ArchiveFiles","actionType":"Project","actionValue":"BundleConfig.vb,FilterConfig.vb,RouteConfig.vb,WebApiConfig.vb,global.asax.vb,global.asax,AssemblyInfo.vb,packages.config","timesRun":1,"invalidExecutions":0,"solutionPath":"b3ef39dd22c445a863f167af20d59020caf6e2ebb8b6a875953525feabf0593a","projectGuid":"9fbd525a-7896-4aea-a2c8-38047168fb85","filePath":"9fbd525a-7896-4aea-a2c8-38047168fb85"},{"metricsType":"CTA","language":"visualbasic","metricName":"ActionExecution","actionName":"MigrateConfig","actionType":"Project","actionValue":"","timesRun":1,"invalidExecutions":0,"solutionPath":"b3ef39dd22c445a863f167af20d59020caf6e2ebb8b6a875953525feabf0593a","projectGuid":"9fbd525a-7896-4aea-a2c8-38047168fb85","filePath":"9fbd525a-7896-4aea-a2c8-38047168fb85"},{"metricsType":"CTA","language":"visualbasic","metricName":"ActionExecution","actionName":"MigrateProjectFile","actionType":"ProjectFile","actionValue":"","timesRun":1,"invalidExecutions":0,"solutionPath":"b3ef39dd22c445a863f167af20d59020caf6e2ebb8b6a875953525feabf0593a","projectGuid":"9fbd525a-7896-4aea-a2c8-38047168fb85","filePath":"333afd599a1f3c648a6527a4128217f6569c5535bbb8b1dd4fc0bc27d142c122"}]