[{"metricsType":"CTA","metricName":"Namespace","reference":"Miniblog.Core","solutionPath":"8af7eeb083f56d299d57c0c184e1190aaf2388c92bc9cd2ae95b324669ce6982"},{"metricsType":"CTA","metricName":"Namespace","reference":"System.Diagnostics.CodeAnalysis","solutionPath":"8af7eeb083f56d299d57c0c184e1190aaf2388c92bc9cd2ae95b324669ce6982"},{"metricsType":"CTA","metricName":"Namespace","reference":"Miniblog.Core.Controllers","solutionPath":"8af7eeb083f56d299d57c0c184e1190aaf2388c92bc9cd2ae95b324669ce6982"},{"metricsType":"CTA","metricName":"Namespace","reference":"Microsoft.AspNetCore.Authorization","solutionPath":"8af7eeb083f56d299d57c0c184e1190aaf2388c92bc9cd2ae95b324669ce6982"},{"metricsType":"CTA","metricName":"Namespace","reference":"Miniblog.Core.Services","solutionPath":"8af7eeb083f56d299d57c0c184e1190aaf2388c92bc9cd2ae95b324669ce6982"},{"metricsType":"CTA","metricName":"Namespace","reference":"Microsoft.AspNetCore.Mvc","solutionPath":"8af7eeb083f56d299d57c0c184e1190aaf2388c92bc9cd2ae95b324669ce6982"},{"metricsType":"CTA","metricName":"Namespace","reference":"Microsoft.AspNetCore.Mvc.ViewFeatures","solutionPath":"8af7eeb083f56d299d57c0c184e1190aaf2388c92bc9cd2ae95b324669ce6982"},{"metricsType":"CTA","metricName":"Namespace","reference":"Miniblog.Core.Models","solutionPath":"8af7eeb083f56d299d57c0c184e1190aaf2388c92bc9cd2ae95b324669ce6982"},{"metricsType":"CTA","metricName":"Namespace","reference":"Microsoft.AspNetCore.Mvc.ModelBinding","solutionPath":"8af7eeb083f56d299d57c0c184e1190aaf2388c92bc9cd2ae95b324669ce6982"},{"metricsType":"CTA","metricName":"Namespace","reference":"System","solutionPath":"8af7eeb083f56d299d57c0c184e1190aaf2388c92bc9cd2ae95b324669ce6982"},{"metricsType":"CTA","metricName":"Namespace","reference":"Miniblog.Core.Properties","solutionPath":"8af7eeb083f56d299d57c0c184e1190aaf2388c92bc9cd2ae95b324669ce6982"},{"metricsType":"CTA","metricName":"Namespace","reference":null,"solutionPath":"8af7eeb083f56d299d57c0c184e1190aaf2388c92bc9cd2ae95b324669ce6982"},{"metricsType":"CTA","metricName":"Namespace","reference":"System.Security.Claims","solutionPath":"8af7eeb083f56d299d57c0c184e1190aaf2388c92bc9cd2ae95b324669ce6982"},{"metricsType":"CTA","metricName":"Namespace","reference":"Microsoft.AspNetCore.Authentication.Cookies","solutionPath":"8af7eeb083f56d299d57c0c184e1190aaf2388c92bc9cd2ae95b324669ce6982"},{"metricsType":"CTA","metricName":"Namespace","reference":"Microsoft.AspNetCore.Authentication","solutionPath":"8af7eeb083f56d299d57c0c184e1190aaf2388c92bc9cd2ae95b324669ce6982"},{"metricsType":"CTA","metricName":"Namespace","reference":"System.Threading.Tasks","solutionPath":"8af7eeb083f56d299d57c0c184e1190aaf2388c92bc9cd2ae95b324669ce6982"},{"metricsType":"CTA","metricName":"Namespace","reference":"WebEssentials.AspNetCore.Pwa","solutionPath":"8af7eeb083f56d299d57c0c184e1190aaf2388c92bc9cd2ae95b324669ce6982"},{"metricsType":"CTA","metricName":"Namespace","reference":"Microsoft.Extensions.Options","solutionPath":"8af7eeb083f56d299d57c0c184e1190aaf2388c92bc9cd2ae95b324669ce6982"},{"metricsType":"CTA","metricName":"Namespace","reference":"System.Security.Principal","solutionPath":"8af7eeb083f56d299d57c0c184e1190aaf2388c92bc9cd2ae95b324669ce6982"},{"metricsType":"CTA","metricName":"Namespace","reference":"Microsoft.AspNetCore.Http","solutionPath":"8af7eeb083f56d299d57c0c184e1190aaf2388c92bc9cd2ae95b324669ce6982"},{"metricsType":"CTA","metricName":"Namespace","reference":"System.Collections.Generic","solutionPath":"8af7eeb083f56d299d57c0c184e1190aaf2388c92bc9cd2ae95b324669ce6982"},{"metricsType":"CTA","metricName":"Namespace","reference":"System.Linq","solutionPath":"8af7eeb083f56d299d57c0c184e1190aaf2388c92bc9cd2ae95b324669ce6982"},{"metricsType":"CTA","metricName":"Namespace","reference":"System.Text.RegularExpressions","solutionPath":"8af7eeb083f56d299d57c0c184e1190aaf2388c92bc9cd2ae95b324669ce6982"},{"metricsType":"CTA","metricName":"Namespace","reference":"System.Xml","solutionPath":"8af7eeb083f56d299d57c0c184e1190aaf2388c92bc9cd2ae95b324669ce6982"},{"metricsType":"CTA","metricName":"Namespace","reference":"System.IO","solutionPath":"8af7eeb083f56d299d57c0c184e1190aaf2388c92bc9cd2ae95b324669ce6982"},{"metricsType":"CTA","metricName":"Namespace","reference":"System.Text","solutionPath":"8af7eeb083f56d299d57c0c184e1190aaf2388c92bc9cd2ae95b324669ce6982"},{"metricsType":"CTA","metricName":"Namespace","reference":"Microsoft.SyndicationFeed","solutionPath":"8af7eeb083f56d299d57c0c184e1190aaf2388c92bc9cd2ae95b324669ce6982"},{"metricsType":"CTA","metricName":"Namespace","reference":"Microsoft.SyndicationFeed.Atom","solutionPath":"8af7eeb083f56d299d57c0c184e1190aaf2388c92bc9cd2ae95b324669ce6982"},{"metricsType":"CTA","metricName":"Namespace","reference":"System.Globalization","solutionPath":"8af7eeb083f56d299d57c0c184e1190aaf2388c92bc9cd2ae95b324669ce6982"},{"metricsType":"CTA","metricName":"Namespace","reference":"Microsoft.SyndicationFeed.Rss","solutionPath":"8af7eeb083f56d299d57c0c184e1190aaf2388c92bc9cd2ae95b324669ce6982"},{"metricsType":"CTA","metricName":"Namespace","reference":"System.ComponentModel.DataAnnotations","solutionPath":"8af7eeb083f56d299d57c0c184e1190aaf2388c92bc9cd2ae95b324669ce6982"},{"metricsType":"CTA","metricName":"Namespace","reference":"System.Security.Cryptography","solutionPath":"8af7eeb083f56d299d57c0c184e1190aaf2388c92bc9cd2ae95b324669ce6982"},{"metricsType":"CTA","metricName":"Namespace","reference":"System.Net","solutionPath":"8af7eeb083f56d299d57c0c184e1190aaf2388c92bc9cd2ae95b324669ce6982"},{"metricsType":"CTA","metricName":"Namespace","reference":"System.CodeDom.Compiler","solutionPath":"8af7eeb083f56d299d57c0c184e1190aaf2388c92bc9cd2ae95b324669ce6982"},{"metricsType":"CTA","metricName":"Namespace","reference":"System.Diagnostics","solutionPath":"8af7eeb083f56d299d57c0c184e1190aaf2388c92bc9cd2ae95b324669ce6982"},{"metricsType":"CTA","metricName":"Namespace","reference":"System.Runtime.CompilerServices","solutionPath":"8af7eeb083f56d299d57c0c184e1190aaf2388c92bc9cd2ae95b324669ce6982"},{"metricsType":"CTA","metricName":"Namespace","reference":"System.ComponentModel","solutionPath":"8af7eeb083f56d299d57c0c184e1190aaf2388c92bc9cd2ae95b324669ce6982"},{"metricsType":"CTA","metricName":"Namespace","reference":"System.Resources","solutionPath":"8af7eeb083f56d299d57c0c184e1190aaf2388c92bc9cd2ae95b324669ce6982"},{"metricsType":"CTA","metricName":"Namespace","reference":"Microsoft.Extensions.Configuration","solutionPath":"8af7eeb083f56d299d57c0c184e1190aaf2388c92bc9cd2ae95b324669ce6982"},{"metricsType":"CTA","metricName":"Namespace","reference":"Microsoft.AspNetCore.Cryptography.KeyDerivation","solutionPath":"8af7eeb083f56d299d57c0c184e1190aaf2388c92bc9cd2ae95b324669ce6982"},{"metricsType":"CTA","metricName":"Namespace","reference":"Microsoft.AspNetCore.Hosting","solutionPath":"8af7eeb083f56d299d57c0c184e1190aaf2388c92bc9cd2ae95b324669ce6982"},{"metricsType":"CTA","metricName":"Namespace","reference":"System.Xml.Linq","solutionPath":"8af7eeb083f56d299d57c0c184e1190aaf2388c92bc9cd2ae95b324669ce6982"},{"metricsType":"CTA","metricName":"Namespace","reference":"System.Xml.XPath","solutionPath":"8af7eeb083f56d299d57c0c184e1190aaf2388c92bc9cd2ae95b324669ce6982"},{"metricsType":"CTA","metricName":"Namespace","reference":"System.Threading","solutionPath":"8af7eeb083f56d299d57c0c184e1190aaf2388c92bc9cd2ae95b324669ce6982"},{"metricsType":"CTA","metricName":"Namespace","reference":"WilderMinds.MetaWeblog","solutionPath":"8af7eeb083f56d299d57c0c184e1190aaf2388c92bc9cd2ae95b324669ce6982"},{"metricsType":"CTA","metricName":"Namespace","reference":"Microsoft.Extensions.Hosting","solutionPath":"8af7eeb083f56d299d57c0c184e1190aaf2388c92bc9cd2ae95b324669ce6982"},{"metricsType":"CTA","metricName":"Namespace","reference":"Microsoft.AspNetCore.Server.Kestrel.Core","solutionPath":"8af7eeb083f56d299d57c0c184e1190aaf2388c92bc9cd2ae95b324669ce6982"},{"metricsType":"CTA","metricName":"Namespace","reference":"Microsoft.AspNetCore.Builder","solutionPath":"8af7eeb083f56d299d57c0c184e1190aaf2388c92bc9cd2ae95b324669ce6982"},{"metricsType":"CTA","metricName":"Namespace","reference":"WebMarkupMin.AspNetCore2","solutionPath":"8af7eeb083f56d299d57c0c184e1190aaf2388c92bc9cd2ae95b324669ce6982"},{"metricsType":"CTA","metricName":"Namespace","reference":"Microsoft.Extensions.DependencyInjection","solutionPath":"8af7eeb083f56d299d57c0c184e1190aaf2388c92bc9cd2ae95b324669ce6982"},{"metricsType":"CTA","metricName":"Namespace","reference":"Microsoft.Extensions.DependencyInjection.Extensions","solutionPath":"8af7eeb083f56d299d57c0c184e1190aaf2388c92bc9cd2ae95b324669ce6982"},{"metricsType":"CTA","metricName":"Namespace","reference":"WebEssentials.AspNetCore.OutputCaching","solutionPath":"8af7eeb083f56d299d57c0c184e1190aaf2388c92bc9cd2ae95b324669ce6982"},{"metricsType":"CTA","metricName":"Namespace","reference":"WebMarkupMin.AspNet.Common","solutionPath":"8af7eeb083f56d299d57c0c184e1190aaf2388c92bc9cd2ae95b324669ce6982"},{"metricsType":"CTA","metricName":"Namespace","reference":"WebMarkupMin.Core","solutionPath":"8af7eeb083f56d299d57c0c184e1190aaf2388c92bc9cd2ae95b324669ce6982"},{"metricsType":"CTA","metricName":"Namespace","reference":"WebMarkupMin.Core.Loggers","solutionPath":"8af7eeb083f56d299d57c0c184e1190aaf2388c92bc9cd2ae95b324669ce6982"},{"metricsType":"CTA","metricName":"Namespace","reference":"project.all","solutionPath":"8af7eeb083f56d299d57c0c184e1190aaf2388c92bc9cd2ae95b324669ce6982"},{"metricsType":"CTA","metricName":"RulesFile","downloadedFile":"project.all.json","solutionPath":"8af7eeb083f56d299d57c0c184e1190aaf2388c92bc9cd2ae95b324669ce6982"},{"metricsType":"CTA","metricName":"TargetVersion","targetVersion":"netcoreapp3.1","solutionPath":"8af7eeb083f56d299d57c0c184e1190aaf2388c92bc9cd2ae95b324669ce6982","projectGuid":"8ce1a353-8b0d-43f1-b681-6057bac241bc"},{"metricsType":"CTA","metricName":"ActionExecution","actionName":"MigrateConfig","actionType":"Project","actionValue":"","timesRun":1,"invalidExecutions":0,"solutionPath":"8af7eeb083f56d299d57c0c184e1190aaf2388c92bc9cd2ae95b324669ce6982","projectGuid":"8ce1a353-8b0d-43f1-b681-6057bac241bc","filePath":"8ce1a353-8b0d-43f1-b681-6057bac241bc"},{"metricsType":"CTA","metricName":"ActionExecution","actionName":"MigrateProjectFile","actionType":"ProjectFile","actionValue":"","timesRun":1,"invalidExecutions":0,"solutionPath":"8af7eeb083f56d299d57c0c184e1190aaf2388c92bc9cd2ae95b324669ce6982","projectGuid":"8ce1a353-8b0d-43f1-b681-6057bac241bc","filePath":"e55f829e21a8c6961e6ce88c00d24863eb613a9f42bf627f97dd2dc8ebe66109"}]