[{"metricsType":"CTA","metricName":"Namespace","reference":"Miniblog.Core","solutionPath":"ef774ccfe6f5b35265641dbea04aafc19071adba731f961493780e873093b5be"},{"metricsType":"CTA","metricName":"Namespace","reference":"System.Diagnostics.CodeAnalysis","solutionPath":"ef774ccfe6f5b35265641dbea04aafc19071adba731f961493780e873093b5be"},{"metricsType":"CTA","metricName":"Namespace","reference":"Miniblog.Core.Controllers","solutionPath":"ef774ccfe6f5b35265641dbea04aafc19071adba731f961493780e873093b5be"},{"metricsType":"CTA","metricName":"Namespace","reference":"Microsoft.AspNetCore.Authorization","solutionPath":"ef774ccfe6f5b35265641dbea04aafc19071adba731f961493780e873093b5be"},{"metricsType":"CTA","metricName":"Namespace","reference":"Miniblog.Core.Services","solutionPath":"ef774ccfe6f5b35265641dbea04aafc19071adba731f961493780e873093b5be"},{"metricsType":"CTA","metricName":"Namespace","reference":"Microsoft.AspNetCore.Mvc","solutionPath":"ef774ccfe6f5b35265641dbea04aafc19071adba731f961493780e873093b5be"},{"metricsType":"CTA","metricName":"Namespace","reference":"Microsoft.AspNetCore.Mvc.ModelBinding","solutionPath":"ef774ccfe6f5b35265641dbea04aafc19071adba731f961493780e873093b5be"},{"metricsType":"CTA","metricName":"Namespace","reference":null,"solutionPath":"ef774ccfe6f5b35265641dbea04aafc19071adba731f961493780e873093b5be"},{"metricsType":"CTA","metricName":"Namespace","reference":"System.Security.Claims","solutionPath":"ef774ccfe6f5b35265641dbea04aafc19071adba731f961493780e873093b5be"},{"metricsType":"CTA","metricName":"Namespace","reference":"Microsoft.AspNetCore.Authentication","solutionPath":"ef774ccfe6f5b35265641dbea04aafc19071adba731f961493780e873093b5be"},{"metricsType":"CTA","metricName":"Namespace","reference":"System.Threading.Tasks","solutionPath":"ef774ccfe6f5b35265641dbea04aafc19071adba731f961493780e873093b5be"},{"metricsType":"CTA","metricName":"Namespace","reference":"WebEssentials.AspNetCore.Pwa","solutionPath":"ef774ccfe6f5b35265641dbea04aafc19071adba731f961493780e873093b5be"},{"metricsType":"CTA","metricName":"Namespace","reference":"Miniblog.Core.Models","solutionPath":"ef774ccfe6f5b35265641dbea04aafc19071adba731f961493780e873093b5be"},{"metricsType":"CTA","metricName":"Namespace","reference":"System","solutionPath":"ef774ccfe6f5b35265641dbea04aafc19071adba731f961493780e873093b5be"},{"metricsType":"CTA","metricName":"Namespace","reference":"Microsoft.AspNetCore.Http","solutionPath":"ef774ccfe6f5b35265641dbea04aafc19071adba731f961493780e873093b5be"},{"metricsType":"CTA","metricName":"Namespace","reference":"System.Collections.Generic","solutionPath":"ef774ccfe6f5b35265641dbea04aafc19071adba731f961493780e873093b5be"},{"metricsType":"CTA","metricName":"Namespace","reference":"System.Linq","solutionPath":"ef774ccfe6f5b35265641dbea04aafc19071adba731f961493780e873093b5be"},{"metricsType":"CTA","metricName":"Namespace","reference":"System.Text.RegularExpressions","solutionPath":"ef774ccfe6f5b35265641dbea04aafc19071adba731f961493780e873093b5be"},{"metricsType":"CTA","metricName":"Namespace","reference":"System.Xml","solutionPath":"ef774ccfe6f5b35265641dbea04aafc19071adba731f961493780e873093b5be"},{"metricsType":"CTA","metricName":"Namespace","reference":"System.IO","solutionPath":"ef774ccfe6f5b35265641dbea04aafc19071adba731f961493780e873093b5be"},{"metricsType":"CTA","metricName":"Namespace","reference":"System.Text","solutionPath":"ef774ccfe6f5b35265641dbea04aafc19071adba731f961493780e873093b5be"},{"metricsType":"CTA","metricName":"Namespace","reference":"Microsoft.SyndicationFeed","solutionPath":"ef774ccfe6f5b35265641dbea04aafc19071adba731f961493780e873093b5be"},{"metricsType":"CTA","metricName":"Namespace","reference":"Microsoft.SyndicationFeed.Atom","solutionPath":"ef774ccfe6f5b35265641dbea04aafc19071adba731f961493780e873093b5be"},{"metricsType":"CTA","metricName":"Namespace","reference":"Microsoft.SyndicationFeed.Rss","solutionPath":"ef774ccfe6f5b35265641dbea04aafc19071adba731f961493780e873093b5be"},{"metricsType":"CTA","metricName":"Namespace","reference":"System.ComponentModel.DataAnnotations","solutionPath":"ef774ccfe6f5b35265641dbea04aafc19071adba731f961493780e873093b5be"},{"metricsType":"CTA","metricName":"Namespace","reference":"System.Security.Cryptography","solutionPath":"ef774ccfe6f5b35265641dbea04aafc19071adba731f961493780e873093b5be"},{"metricsType":"CTA","metricName":"Namespace","reference":"System.Net","solutionPath":"ef774ccfe6f5b35265641dbea04aafc19071adba731f961493780e873093b5be"},{"metricsType":"CTA","metricName":"Namespace","reference":"System.Globalization","solutionPath":"ef774ccfe6f5b35265641dbea04aafc19071adba731f961493780e873093b5be"},{"metricsType":"CTA","metricName":"Namespace","reference":"Miniblog.Core.Properties","solutionPath":"ef774ccfe6f5b35265641dbea04aafc19071adba731f961493780e873093b5be"},{"metricsType":"CTA","metricName":"Namespace","reference":"System.CodeDom.Compiler","solutionPath":"ef774ccfe6f5b35265641dbea04aafc19071adba731f961493780e873093b5be"},{"metricsType":"CTA","metricName":"Namespace","reference":"System.Diagnostics","solutionPath":"ef774ccfe6f5b35265641dbea04aafc19071adba731f961493780e873093b5be"},{"metricsType":"CTA","metricName":"Namespace","reference":"System.Runtime.CompilerServices","solutionPath":"ef774ccfe6f5b35265641dbea04aafc19071adba731f961493780e873093b5be"},{"metricsType":"CTA","metricName":"Namespace","reference":"System.ComponentModel","solutionPath":"ef774ccfe6f5b35265641dbea04aafc19071adba731f961493780e873093b5be"},{"metricsType":"CTA","metricName":"Namespace","reference":"System.Resources","solutionPath":"ef774ccfe6f5b35265641dbea04aafc19071adba731f961493780e873093b5be"},{"metricsType":"CTA","metricName":"Namespace","reference":"Microsoft.Extensions.Configuration","solutionPath":"ef774ccfe6f5b35265641dbea04aafc19071adba731f961493780e873093b5be"},{"metricsType":"CTA","metricName":"Namespace","reference":"Microsoft.AspNetCore.Cryptography.KeyDerivation","solutionPath":"ef774ccfe6f5b35265641dbea04aafc19071adba731f961493780e873093b5be"},{"metricsType":"CTA","metricName":"Namespace","reference":"Microsoft.AspNetCore.Hosting","solutionPath":"ef774ccfe6f5b35265641dbea04aafc19071adba731f961493780e873093b5be"},{"metricsType":"CTA","metricName":"Namespace","reference":"System.Xml.Linq","solutionPath":"ef774ccfe6f5b35265641dbea04aafc19071adba731f961493780e873093b5be"},{"metricsType":"CTA","metricName":"Namespace","reference":"System.Xml.XPath","solutionPath":"ef774ccfe6f5b35265641dbea04aafc19071adba731f961493780e873093b5be"},{"metricsType":"CTA","metricName":"Namespace","reference":"WilderMinds.MetaWeblog","solutionPath":"ef774ccfe6f5b35265641dbea04aafc19071adba731f961493780e873093b5be"},{"metricsType":"CTA","metricName":"Namespace","reference":"Microsoft.Extensions.Hosting","solutionPath":"ef774ccfe6f5b35265641dbea04aafc19071adba731f961493780e873093b5be"},{"metricsType":"CTA","metricName":"Namespace","reference":"Microsoft.AspNetCore.Builder","solutionPath":"ef774ccfe6f5b35265641dbea04aafc19071adba731f961493780e873093b5be"},{"metricsType":"CTA","metricName":"Namespace","reference":"WebMarkupMin.AspNetCore2","solutionPath":"ef774ccfe6f5b35265641dbea04aafc19071adba731f961493780e873093b5be"},{"metricsType":"CTA","metricName":"Namespace","reference":"Microsoft.Extensions.DependencyInjection","solutionPath":"ef774ccfe6f5b35265641dbea04aafc19071adba731f961493780e873093b5be"},{"metricsType":"CTA","metricName":"Namespace","reference":"Microsoft.Extensions.DependencyInjection.Extensions","solutionPath":"ef774ccfe6f5b35265641dbea04aafc19071adba731f961493780e873093b5be"},{"metricsType":"CTA","metricName":"Namespace","reference":"WebEssentials.AspNetCore.OutputCaching","solutionPath":"ef774ccfe6f5b35265641dbea04aafc19071adba731f961493780e873093b5be"},{"metricsType":"CTA","metricName":"Namespace","reference":"WebMarkupMin.Core.Loggers","solutionPath":"ef774ccfe6f5b35265641dbea04aafc19071adba731f961493780e873093b5be"},{"metricsType":"CTA","metricName":"Namespace","reference":"project.all","solutionPath":"ef774ccfe6f5b35265641dbea04aafc19071adba731f961493780e873093b5be"},{"metricsType":"CTA","metricName":"RulesFile","downloadedFile":"project.all.json","solutionPath":"ef774ccfe6f5b35265641dbea04aafc19071adba731f961493780e873093b5be"},{"metricsType":"CTA","metricName":"TargetVersion","targetVersion":"netcoreapp3.1","solutionPath":"ef774ccfe6f5b35265641dbea04aafc19071adba731f961493780e873093b5be","projectGuid":"8ce1a353-8b0d-43f1-b681-6057bac241bc"}]