[{"metricsType":"CTA","metricName":"Namespace","reference":"StarWars.Core.Data","solutionPath":"a13f590fe1b024219ec61c792ddf032f2338ae56dec4b4ccc635660d932a4ece"},{"metricsType":"CTA","metricName":"Namespace","reference":"StarWars.Core.Models","solutionPath":"a13f590fe1b024219ec61c792ddf032f2338ae56dec4b4ccc635660d932a4ece"},{"metricsType":"CTA","metricName":"Namespace","reference":"StarWars.Core.Logic","solutionPath":"a13f590fe1b024219ec61c792ddf032f2338ae56dec4b4ccc635660d932a4ece"},{"metricsType":"CTA","metricName":"Namespace","reference":"System","solutionPath":"a13f590fe1b024219ec61c792ddf032f2338ae56dec4b4ccc635660d932a4ece"},{"metricsType":"CTA","metricName":"Namespace","reference":"System.Collections.Generic","solutionPath":"a13f590fe1b024219ec61c792ddf032f2338ae56dec4b4ccc635660d932a4ece"},{"metricsType":"CTA","metricName":"Namespace","reference":"System.Threading.Tasks","solutionPath":"a13f590fe1b024219ec61c792ddf032f2338ae56dec4b4ccc635660d932a4ece"},{"metricsType":"CTA","metricName":"Namespace","reference":"System.Collections","solutionPath":"a13f590fe1b024219ec61c792ddf032f2338ae56dec4b4ccc635660d932a4ece"},{"metricsType":"CTA","metricName":"Namespace","reference":"System.Reflection","solutionPath":"a13f590fe1b024219ec61c792ddf032f2338ae56dec4b4ccc635660d932a4ece"},{"metricsType":"CTA","metricName":"Namespace","reference":"System.Runtime.CompilerServices","solutionPath":"a13f590fe1b024219ec61c792ddf032f2338ae56dec4b4ccc635660d932a4ece"},{"metricsType":"CTA","metricName":"Namespace","reference":"System.Runtime.InteropServices","solutionPath":"a13f590fe1b024219ec61c792ddf032f2338ae56dec4b4ccc635660d932a4ece"},{"metricsType":"CTA","metricName":"Namespace","reference":"project.all","solutionPath":"a13f590fe1b024219ec61c792ddf032f2338ae56dec4b4ccc635660d932a4ece"},{"metricsType":"CTA","metricName":"RulesFile","downloadedFile":"project.all.json","solutionPath":"a13f590fe1b024219ec61c792ddf032f2338ae56dec4b4ccc635660d932a4ece"},{"metricsType":"CTA","metricName":"TargetVersion","targetVersion":"net5.0","solutionPath":"a13f590fe1b024219ec61c792ddf032f2338ae56dec4b4ccc635660d932a4ece","projectGuid":"ea6d3cd1-ebc1-48cd-87b9-d99ba5b44db3"},{"metricsType":"CTA","metricName":"TargetVersion","targetVersion":"net5.0","solutionPath":"a13f590fe1b024219ec61c792ddf032f2338ae56dec4b4ccc635660d932a4ece","projectGuid":"ea6d3cd1-ebc1-48cd-87b9-d99ba5b44db3"},{"metricsType":"CTA","metricName":"ActionExecution","actionName":"ArchiveFiles","actionType":"Project","actionValue":"BundleConfig.cs,FilterConfig.cs,RouteConfig.cs,WebApiConfig.cs,global.asax.cs,global.asax,AssemblyInfo.cs,packages.config","timesRun":1,"invalidExecutions":0,"solutionPath":"a13f590fe1b024219ec61c792ddf032f2338ae56dec4b4ccc635660d932a4ece","projectGuid":"ea6d3cd1-ebc1-48cd-87b9-d99ba5b44db3","filePath":"ea6d3cd1-ebc1-48cd-87b9-d99ba5b44db3"},{"metricsType":"CTA","metricName":"ActionExecution","actionName":"MigrateProjectFile","actionType":"ProjectFile","actionValue":"","timesRun":1,"invalidExecutions":0,"solutionPath":"a13f590fe1b024219ec61c792ddf032f2338ae56dec4b4ccc635660d932a4ece","projectGuid":"ea6d3cd1-ebc1-48cd-87b9-d99ba5b44db3","filePath":"e0fdf9fd189da31e390626fe9eed52a7d602c5f4015082821a0345a11b16dde1"},{"metricsType":"CTA","metricName":"ActionExecution","actionName":"ArchiveFiles","actionType":"Project","actionValue":"BundleConfig.cs,FilterConfig.cs,RouteConfig.cs,WebApiConfig.cs,global.asax.cs,global.asax,AssemblyInfo.cs,packages.config","timesRun":1,"invalidExecutions":0,"solutionPath":"a13f590fe1b024219ec61c792ddf032f2338ae56dec4b4ccc635660d932a4ece","projectGuid":"ea6d3cd1-ebc1-48cd-87b9-d99ba5b44db3","filePath":"ea6d3cd1-ebc1-48cd-87b9-d99ba5b44db3"},{"metricsType":"CTA","metricName":"ActionExecution","actionName":"MigrateProjectFile","actionType":"ProjectFile","actionValue":"","timesRun":1,"invalidExecutions":0,"solutionPath":"a13f590fe1b024219ec61c792ddf032f2338ae56dec4b4ccc635660d932a4ece","projectGuid":"ea6d3cd1-ebc1-48cd-87b9-d99ba5b44db3","filePath":"e0fdf9fd189da31e390626fe9eed52a7d602c5f4015082821a0345a11b16dde1"}]