[{"metricsType":"CTA","language":null,"metricName":"Namespace","reference":"Global","solutionPath":"d1a6ed5483ba9c953505eb05bf26a3e613713f0c833120618702f135f4d50aa5"},{"metricsType":"CTA","language":null,"metricName":"Namespace","reference":"System","solutionPath":"d1a6ed5483ba9c953505eb05bf26a3e613713f0c833120618702f135f4d50aa5"},{"metricsType":"CTA","language":null,"metricName":"Namespace","reference":"System.Web","solutionPath":"d1a6ed5483ba9c953505eb05bf26a3e613713f0c833120618702f135f4d50aa5"},{"metricsType":"CTA","language":null,"metricName":"Namespace","reference":"System.Web.Optimization","solutionPath":"d1a6ed5483ba9c953505eb05bf26a3e613713f0c833120618702f135f4d50aa5"},{"metricsType":"CTA","language":null,"metricName":"Namespace","reference":"System.Web.Mvc","solutionPath":"d1a6ed5483ba9c953505eb05bf26a3e613713f0c833120618702f135f4d50aa5"},{"metricsType":"CTA","language":null,"metricName":"Namespace","reference":"System.Collections","solutionPath":"d1a6ed5483ba9c953505eb05bf26a3e613713f0c833120618702f135f4d50aa5"},{"metricsType":"CTA","language":null,"metricName":"Namespace","reference":"System.Web.Routing","solutionPath":"d1a6ed5483ba9c953505eb05bf26a3e613713f0c833120618702f135f4d50aa5"},{"metricsType":"CTA","language":null,"metricName":"Namespace","reference":"System.Web.Http","solutionPath":"d1a6ed5483ba9c953505eb05bf26a3e613713f0c833120618702f135f4d50aa5"},{"metricsType":"CTA","language":null,"metricName":"Namespace","reference":"System.Runtime","solutionPath":"d1a6ed5483ba9c953505eb05bf26a3e613713f0c833120618702f135f4d50aa5"},{"metricsType":"CTA","language":null,"metricName":"Namespace","reference":"Areas","solutionPath":"d1a6ed5483ba9c953505eb05bf26a3e613713f0c833120618702f135f4d50aa5"},{"metricsType":"CTA","language":null,"metricName":"Namespace","reference":"System.Web.Http.Description","solutionPath":"d1a6ed5483ba9c953505eb05bf26a3e613713f0c833120618702f135f4d50aa5"},{"metricsType":"CTA","language":null,"metricName":"Namespace","reference":"System.Text","solutionPath":"d1a6ed5483ba9c953505eb05bf26a3e613713f0c833120618702f135f4d50aa5"},{"metricsType":"CTA","language":null,"metricName":"Namespace","reference":"System.Diagnostics","solutionPath":"d1a6ed5483ba9c953505eb05bf26a3e613713f0c833120618702f135f4d50aa5"},{"metricsType":"CTA","language":null,"metricName":"Namespace","reference":"System.Net","solutionPath":"d1a6ed5483ba9c953505eb05bf26a3e613713f0c833120618702f135f4d50aa5"},{"metricsType":"CTA","language":null,"metricName":"Namespace","reference":"System.Net.Http","solutionPath":"d1a6ed5483ba9c953505eb05bf26a3e613713f0c833120618702f135f4d50aa5"},{"metricsType":"CTA","language":null,"metricName":"Namespace","reference":"Areas.HelpPage","solutionPath":"d1a6ed5483ba9c953505eb05bf26a3e613713f0c833120618702f135f4d50aa5"},{"metricsType":"CTA","language":null,"metricName":"Namespace","reference":"System.Net.Http.Headers","solutionPath":"d1a6ed5483ba9c953505eb05bf26a3e613713f0c833120618702f135f4d50aa5"},{"metricsType":"CTA","language":null,"metricName":"Namespace","reference":"Areas.HelpPage.Controllers","solutionPath":"d1a6ed5483ba9c953505eb05bf26a3e613713f0c833120618702f135f4d50aa5"},{"metricsType":"CTA","language":null,"metricName":"Namespace","reference":"System.Web.Http.Controllers","solutionPath":"d1a6ed5483ba9c953505eb05bf26a3e613713f0c833120618702f135f4d50aa5"},{"metricsType":"CTA","language":null,"metricName":"Namespace","reference":"System.Collections.Generic","solutionPath":"d1a6ed5483ba9c953505eb05bf26a3e613713f0c833120618702f135f4d50aa5"},{"metricsType":"CTA","language":null,"metricName":"Namespace","reference":"System.Collections.Concurrent","solutionPath":"d1a6ed5483ba9c953505eb05bf26a3e613713f0c833120618702f135f4d50aa5"},{"metricsType":"CTA","language":null,"metricName":"Namespace","reference":"System.Linq","solutionPath":"d1a6ed5483ba9c953505eb05bf26a3e613713f0c833120618702f135f4d50aa5"},{"metricsType":"CTA","language":null,"metricName":"Namespace","reference":"System.ComponentModel","solutionPath":"d1a6ed5483ba9c953505eb05bf26a3e613713f0c833120618702f135f4d50aa5"},{"metricsType":"CTA","language":null,"metricName":"Namespace","reference":"Areas.HelpPage.ModelDescriptions","solutionPath":"d1a6ed5483ba9c953505eb05bf26a3e613713f0c833120618702f135f4d50aa5"},{"metricsType":"CTA","language":null,"metricName":"Namespace","reference":"System.Reflection","solutionPath":"d1a6ed5483ba9c953505eb05bf26a3e613713f0c833120618702f135f4d50aa5"},{"metricsType":"CTA","language":null,"metricName":"Namespace","reference":"System.Xml","solutionPath":"d1a6ed5483ba9c953505eb05bf26a3e613713f0c833120618702f135f4d50aa5"},{"metricsType":"CTA","language":null,"metricName":"Namespace","reference":"Newtonsoft","solutionPath":"d1a6ed5483ba9c953505eb05bf26a3e613713f0c833120618702f135f4d50aa5"},{"metricsType":"CTA","language":null,"metricName":"Namespace","reference":"System.ComponentModel.DataAnnotations","solutionPath":"d1a6ed5483ba9c953505eb05bf26a3e613713f0c833120618702f135f4d50aa5"},{"metricsType":"CTA","language":null,"metricName":"Namespace","reference":"Newtonsoft.Json","solutionPath":"d1a6ed5483ba9c953505eb05bf26a3e613713f0c833120618702f135f4d50aa5"},{"metricsType":"CTA","language":null,"metricName":"Namespace","reference":"System.Runtime.Serialization","solutionPath":"d1a6ed5483ba9c953505eb05bf26a3e613713f0c833120618702f135f4d50aa5"},{"metricsType":"CTA","language":null,"metricName":"Namespace","reference":"System.Xml.Serialization","solutionPath":"d1a6ed5483ba9c953505eb05bf26a3e613713f0c833120618702f135f4d50aa5"},{"metricsType":"CTA","language":null,"metricName":"Namespace","reference":"System.Collections.ObjectModel","solutionPath":"d1a6ed5483ba9c953505eb05bf26a3e613713f0c833120618702f135f4d50aa5"},{"metricsType":"CTA","language":null,"metricName":"Namespace","reference":"System.Net.Http.Formatting","solutionPath":"d1a6ed5483ba9c953505eb05bf26a3e613713f0c833120618702f135f4d50aa5"},{"metricsType":"CTA","language":null,"metricName":"Namespace","reference":"System.IO","solutionPath":"d1a6ed5483ba9c953505eb05bf26a3e613713f0c833120618702f135f4d50aa5"},{"metricsType":"CTA","language":null,"metricName":"Namespace","reference":"System.Threading.Tasks","solutionPath":"d1a6ed5483ba9c953505eb05bf26a3e613713f0c833120618702f135f4d50aa5"},{"metricsType":"CTA","language":null,"metricName":"Namespace","reference":"System.Xml.Linq","solutionPath":"d1a6ed5483ba9c953505eb05bf26a3e613713f0c833120618702f135f4d50aa5"},{"metricsType":"CTA","language":null,"metricName":"Namespace","reference":"Microsoft","solutionPath":"d1a6ed5483ba9c953505eb05bf26a3e613713f0c833120618702f135f4d50aa5"},{"metricsType":"CTA","language":null,"metricName":"Namespace","reference":"System.Xml.XPath","solutionPath":"d1a6ed5483ba9c953505eb05bf26a3e613713f0c833120618702f135f4d50aa5"},{"metricsType":"CTA","language":null,"metricName":"Namespace","reference":"My","solutionPath":"d1a6ed5483ba9c953505eb05bf26a3e613713f0c833120618702f135f4d50aa5"},{"metricsType":"CTA","language":null,"metricName":"Namespace","reference":"System.CodeDom","solutionPath":"d1a6ed5483ba9c953505eb05bf26a3e613713f0c833120618702f135f4d50aa5"},{"metricsType":"CTA","language":null,"metricName":"Namespace","reference":"System.CodeDom.Compiler","solutionPath":"d1a6ed5483ba9c953505eb05bf26a3e613713f0c833120618702f135f4d50aa5"},{"metricsType":"CTA","language":null,"metricName":"Namespace","reference":"System.Runtime.CompilerServices","solutionPath":"d1a6ed5483ba9c953505eb05bf26a3e613713f0c833120618702f135f4d50aa5"},{"metricsType":"CTA","language":null,"metricName":"Namespace","reference":"System.Resources","solutionPath":"d1a6ed5483ba9c953505eb05bf26a3e613713f0c833120618702f135f4d50aa5"},{"metricsType":"CTA","language":null,"metricName":"Namespace","reference":"System.Globalization","solutionPath":"d1a6ed5483ba9c953505eb05bf26a3e613713f0c833120618702f135f4d50aa5"},{"metricsType":"CTA","language":null,"metricName":"Namespace","reference":"System.Configuration","solutionPath":"d1a6ed5483ba9c953505eb05bf26a3e613713f0c833120618702f135f4d50aa5"},{"metricsType":"CTA","language":null,"metricName":"Namespace","reference":"System.ComponentModel.Design","solutionPath":"d1a6ed5483ba9c953505eb05bf26a3e613713f0c833120618702f135f4d50aa5"},{"metricsType":"CTA","language":null,"metricName":"Namespace","reference":"project.all","solutionPath":"d1a6ed5483ba9c953505eb05bf26a3e613713f0c833120618702f135f4d50aa5"},{"metricsType":"CTA","language":null,"metricName":"RulesFile","downloadedFile":"project.all.json","solutionPath":"d1a6ed5483ba9c953505eb05bf26a3e613713f0c833120618702f135f4d50aa5"},{"metricsType":"CTA","language":null,"metricName":"RulesFile","downloadedFile":"system.configuration.json","solutionPath":"d1a6ed5483ba9c953505eb05bf26a3e613713f0c833120618702f135f4d50aa5"},{"metricsType":"CTA","language":null,"metricName":"RulesFile","downloadedFile":"system.web.http.json","solutionPath":"d1a6ed5483ba9c953505eb05bf26a3e613713f0c833120618702f135f4d50aa5"},{"metricsType":"CTA","language":null,"metricName":"RulesFile","downloadedFile":"system.web.mvc.json","solutionPath":"d1a6ed5483ba9c953505eb05bf26a3e613713f0c833120618702f135f4d50aa5"},{"metricsType":"CTA","language":null,"metricName":"RulesFile","downloadedFile":"system.web.json","solutionPath":"d1a6ed5483ba9c953505eb05bf26a3e613713f0c833120618702f135f4d50aa5"},{"metricsType":"CTA","language":"visualbasic","metricName":"TargetVersion","targetVersion":"net6.0","sourceVersion":"net48","solutionPath":"d1a6ed5483ba9c953505eb05bf26a3e613713f0c833120618702f135f4d50aa5","projectGuid":"0d88d159-c84f-485f-9032-eb3ad4b08214"},{"metricsType":"CTA","language":"visualbasic","metricName":"TargetVersion","targetVersion":"net6.0","sourceVersion":"net48","solutionPath":"d1a6ed5483ba9c953505eb05bf26a3e613713f0c833120618702f135f4d50aa5","projectGuid":"0d88d159-c84f-485f-9032-eb3ad4b08214"},{"metricsType":"CTA","language":"visualbasic","metricName":"ActionExecution","actionName":"ArchiveFiles","actionType":"Project","actionValue":"BundleConfig.vb,FilterConfig.vb,RouteConfig.vb,WebApiConfig.vb,global.asax.vb,global.asax,AssemblyInfo.vb,packages.config","timesRun":1,"invalidExecutions":0,"solutionPath":"d1a6ed5483ba9c953505eb05bf26a3e613713f0c833120618702f135f4d50aa5","projectGuid":"0d88d159-c84f-485f-9032-eb3ad4b08214","filePath":"0d88d159-c84f-485f-9032-eb3ad4b08214"},{"metricsType":"CTA","language":"visualbasic","metricName":"ActionExecution","actionName":"MigrateConfig","actionType":"Project","actionValue":"","timesRun":1,"invalidExecutions":0,"solutionPath":"d1a6ed5483ba9c953505eb05bf26a3e613713f0c833120618702f135f4d50aa5","projectGuid":"0d88d159-c84f-485f-9032-eb3ad4b08214","filePath":"0d88d159-c84f-485f-9032-eb3ad4b08214"},{"metricsType":"CTA","language":"visualbasic","metricName":"ActionExecution","actionName":"MigrateProjectFile","actionType":"ProjectFile","actionValue":"","timesRun":1,"invalidExecutions":0,"solutionPath":"d1a6ed5483ba9c953505eb05bf26a3e613713f0c833120618702f135f4d50aa5","projectGuid":"0d88d159-c84f-485f-9032-eb3ad4b08214","filePath":"a3f399f0109b8772935c75ee21d27b5aec2d65d584a6a156ef04cec2b45674b1"},{"metricsType":"CTA","language":"visualbasic","metricName":"ActionExecution","actionName":"ArchiveFiles","actionType":"Project","actionValue":"BundleConfig.vb,FilterConfig.vb,RouteConfig.vb,WebApiConfig.vb,global.asax.vb,global.asax,AssemblyInfo.vb,packages.config","timesRun":1,"invalidExecutions":0,"solutionPath":"d1a6ed5483ba9c953505eb05bf26a3e613713f0c833120618702f135f4d50aa5","projectGuid":"0d88d159-c84f-485f-9032-eb3ad4b08214","filePath":"0d88d159-c84f-485f-9032-eb3ad4b08214"},{"metricsType":"CTA","language":"visualbasic","metricName":"ActionExecution","actionName":"MigrateConfig","actionType":"Project","actionValue":"","timesRun":1,"invalidExecutions":0,"solutionPath":"d1a6ed5483ba9c953505eb05bf26a3e613713f0c833120618702f135f4d50aa5","projectGuid":"0d88d159-c84f-485f-9032-eb3ad4b08214","filePath":"0d88d159-c84f-485f-9032-eb3ad4b08214"},{"metricsType":"CTA","language":"visualbasic","metricName":"ActionExecution","actionName":"MigrateProjectFile","actionType":"ProjectFile","actionValue":"","timesRun":1,"invalidExecutions":0,"solutionPath":"d1a6ed5483ba9c953505eb05bf26a3e613713f0c833120618702f135f4d50aa5","projectGuid":"0d88d159-c84f-485f-9032-eb3ad4b08214","filePath":"a3f399f0109b8772935c75ee21d27b5aec2d65d584a6a156ef04cec2b45674b1"}]