[{"metricsType":"CTA","metricName":"Namespace","reference":"MvcMusicStore","solutionPath":"4339f10b19df1e8f399a70ba808d345f583c8d8c33160f53ece946d3dcc3a929"},{"metricsType":"CTA","metricName":"Namespace","reference":"MvcMusicStore.Filters","solutionPath":"4339f10b19df1e8f399a70ba808d345f583c8d8c33160f53ece946d3dcc3a929"},{"metricsType":"CTA","metricName":"Namespace","reference":"MvcMusicStore.Controllers","solutionPath":"4339f10b19df1e8f399a70ba808d345f583c8d8c33160f53ece946d3dcc3a929"},{"metricsType":"CTA","metricName":"Namespace","reference":"MvcMusicStore.Models","solutionPath":"4339f10b19df1e8f399a70ba808d345f583c8d8c33160f53ece946d3dcc3a929"},{"metricsType":"CTA","metricName":"Namespace","reference":"MvcMusicStore.ViewModels","solutionPath":"4339f10b19df1e8f399a70ba808d345f583c8d8c33160f53ece946d3dcc3a929"},{"metricsType":"CTA","metricName":"Namespace","reference":"System","solutionPath":"4339f10b19df1e8f399a70ba808d345f583c8d8c33160f53ece946d3dcc3a929"},{"metricsType":"CTA","metricName":"Namespace","reference":"System.Collections.Generic","solutionPath":"4339f10b19df1e8f399a70ba808d345f583c8d8c33160f53ece946d3dcc3a929"},{"metricsType":"CTA","metricName":"Namespace","reference":"System.Linq","solutionPath":"4339f10b19df1e8f399a70ba808d345f583c8d8c33160f53ece946d3dcc3a929"},{"metricsType":"CTA","metricName":"Namespace","reference":"System.Web","solutionPath":"4339f10b19df1e8f399a70ba808d345f583c8d8c33160f53ece946d3dcc3a929"},{"metricsType":"CTA","metricName":"Namespace","reference":"System.Web.Http","solutionPath":"4339f10b19df1e8f399a70ba808d345f583c8d8c33160f53ece946d3dcc3a929"},{"metricsType":"CTA","metricName":"Namespace","reference":"System.Web.Mvc","solutionPath":"4339f10b19df1e8f399a70ba808d345f583c8d8c33160f53ece946d3dcc3a929"},{"metricsType":"CTA","metricName":"Namespace","reference":"System.Web.Optimization","solutionPath":"4339f10b19df1e8f399a70ba808d345f583c8d8c33160f53ece946d3dcc3a929"},{"metricsType":"CTA","metricName":"Namespace","reference":"System.Web.Routing","solutionPath":"4339f10b19df1e8f399a70ba808d345f583c8d8c33160f53ece946d3dcc3a929"},{"metricsType":"CTA","metricName":"Namespace","reference":"System.Configuration","solutionPath":"4339f10b19df1e8f399a70ba808d345f583c8d8c33160f53ece946d3dcc3a929"},{"metricsType":"CTA","metricName":"Namespace","reference":"System.Web.Security","solutionPath":"4339f10b19df1e8f399a70ba808d345f583c8d8c33160f53ece946d3dcc3a929"},{"metricsType":"CTA","metricName":"Namespace","reference":"WebMatrix.WebData","solutionPath":"4339f10b19df1e8f399a70ba808d345f583c8d8c33160f53ece946d3dcc3a929"},{"metricsType":"CTA","metricName":"Namespace","reference":"System.Text","solutionPath":"4339f10b19df1e8f399a70ba808d345f583c8d8c33160f53ece946d3dcc3a929"},{"metricsType":"CTA","metricName":"Namespace","reference":"Microsoft.Web.WebPages.OAuth","solutionPath":"4339f10b19df1e8f399a70ba808d345f583c8d8c33160f53ece946d3dcc3a929"},{"metricsType":"CTA","metricName":"Namespace","reference":"System.Transactions","solutionPath":"4339f10b19df1e8f399a70ba808d345f583c8d8c33160f53ece946d3dcc3a929"},{"metricsType":"CTA","metricName":"Namespace","reference":"DotNetOpenAuth.AspNet","solutionPath":"4339f10b19df1e8f399a70ba808d345f583c8d8c33160f53ece946d3dcc3a929"},{"metricsType":"CTA","metricName":"Namespace","reference":"System.Data","solutionPath":"4339f10b19df1e8f399a70ba808d345f583c8d8c33160f53ece946d3dcc3a929"},{"metricsType":"CTA","metricName":"Namespace","reference":"System.Data.Entity","solutionPath":"4339f10b19df1e8f399a70ba808d345f583c8d8c33160f53ece946d3dcc3a929"},{"metricsType":"CTA","metricName":"Namespace","reference":"System.Data.Entity.Infrastructure","solutionPath":"4339f10b19df1e8f399a70ba808d345f583c8d8c33160f53ece946d3dcc3a929"},{"metricsType":"CTA","metricName":"Namespace","reference":"System.Threading","solutionPath":"4339f10b19df1e8f399a70ba808d345f583c8d8c33160f53ece946d3dcc3a929"},{"metricsType":"CTA","metricName":"Namespace","reference":"System.ComponentModel.DataAnnotations","solutionPath":"4339f10b19df1e8f399a70ba808d345f583c8d8c33160f53ece946d3dcc3a929"},{"metricsType":"CTA","metricName":"Namespace","reference":"System.ComponentModel.DataAnnotations.Schema","solutionPath":"4339f10b19df1e8f399a70ba808d345f583c8d8c33160f53ece946d3dcc3a929"},{"metricsType":"CTA","metricName":"Namespace","reference":"System.Globalization","solutionPath":"4339f10b19df1e8f399a70ba808d345f583c8d8c33160f53ece946d3dcc3a929"},{"metricsType":"CTA","metricName":"Namespace","reference":"System.ComponentModel","solutionPath":"4339f10b19df1e8f399a70ba808d345f583c8d8c33160f53ece946d3dcc3a929"},{"metricsType":"CTA","metricName":"Namespace","reference":"System.Reflection","solutionPath":"4339f10b19df1e8f399a70ba808d345f583c8d8c33160f53ece946d3dcc3a929"},{"metricsType":"CTA","metricName":"Namespace","reference":"System.Runtime.CompilerServices","solutionPath":"4339f10b19df1e8f399a70ba808d345f583c8d8c33160f53ece946d3dcc3a929"},{"metricsType":"CTA","metricName":"Namespace","reference":"System.Runtime.InteropServices","solutionPath":"4339f10b19df1e8f399a70ba808d345f583c8d8c33160f53ece946d3dcc3a929"},{"metricsType":"CTA","metricName":"Namespace","reference":"project.all","solutionPath":"4339f10b19df1e8f399a70ba808d345f583c8d8c33160f53ece946d3dcc3a929"},{"metricsType":"CTA","metricName":"RulesFile","downloadedFile":"project.all.json","solutionPath":"4339f10b19df1e8f399a70ba808d345f583c8d8c33160f53ece946d3dcc3a929"},{"metricsType":"CTA","metricName":"RulesFile","downloadedFile":"system.data.entity.json","solutionPath":"4339f10b19df1e8f399a70ba808d345f583c8d8c33160f53ece946d3dcc3a929"},{"metricsType":"CTA","metricName":"RulesFile","downloadedFile":"system.configuration.json","solutionPath":"4339f10b19df1e8f399a70ba808d345f583c8d8c33160f53ece946d3dcc3a929"},{"metricsType":"CTA","metricName":"RulesFile","downloadedFile":"system.web.mvc.json","solutionPath":"4339f10b19df1e8f399a70ba808d345f583c8d8c33160f53ece946d3dcc3a929"},{"metricsType":"CTA","metricName":"RulesFile","downloadedFile":"system.web.http.json","solutionPath":"4339f10b19df1e8f399a70ba808d345f583c8d8c33160f53ece946d3dcc3a929"},{"metricsType":"CTA","metricName":"RulesFile","downloadedFile":"system.web.json","solutionPath":"4339f10b19df1e8f399a70ba808d345f583c8d8c33160f53ece946d3dcc3a929"},{"metricsType":"CTA","metricName":"TargetVersion","targetVersion":"netcoreapp3.1","solutionPath":"4339f10b19df1e8f399a70ba808d345f583c8d8c33160f53ece946d3dcc3a929","projectGuid":"c2c38ee9-01b7-4929-b7e9-086077d1ab58"},{"metricsType":"CTA","metricName":"TargetVersion","targetVersion":"netcoreapp3.1","solutionPath":"4339f10b19df1e8f399a70ba808d345f583c8d8c33160f53ece946d3dcc3a929","projectGuid":"c2c38ee9-01b7-4929-b7e9-086077d1ab58"},{"metricsType":"CTA","metricName":"ActionPackage","packageName":"Microsoft.EntityFrameworkCore","packageVersion":"*","solutionPath":"4339f10b19df1e8f399a70ba808d345f583c8d8c33160f53ece946d3dcc3a929","projectGuid":"c2c38ee9-01b7-4929-b7e9-086077d1ab58"},{"metricsType":"CTA","metricName":"ActionPackage","packageName":"Microsoft.EntityFrameworkCore","packageVersion":"*","solutionPath":"4339f10b19df1e8f399a70ba808d345f583c8d8c33160f53ece946d3dcc3a929","projectGuid":"c2c38ee9-01b7-4929-b7e9-086077d1ab58"},{"metricsType":"CTA","metricName":"ActionExecution","actionName":"AddDirective","actionType":"Using","actionValue":"Microsoft.EntityFrameworkCore","timesRun":1,"invalidExecutions":0,"solutionPath":"4339f10b19df1e8f399a70ba808d345f583c8d8c33160f53ece946d3dcc3a929","projectGuid":"c2c38ee9-01b7-4929-b7e9-086077d1ab58","filePath":"eac5b9cf616efc536f55eacbd28f688d3cceb17fc18354cdb4f17f27e3c64f71"},{"metricsType":"CTA","metricName":"ActionExecution","actionName":"RemoveDirective","actionType":"Using","actionValue":"System.Data.Entity","timesRun":1,"invalidExecutions":0,"solutionPath":"4339f10b19df1e8f399a70ba808d345f583c8d8c33160f53ece946d3dcc3a929","projectGuid":"c2c38ee9-01b7-4929-b7e9-086077d1ab58","filePath":"eac5b9cf616efc536f55eacbd28f688d3cceb17fc18354cdb4f17f27e3c64f71"},{"metricsType":"CTA","metricName":"ActionExecution","actionName":"AddDirective","actionType":"Using","actionValue":"Microsoft.EntityFrameworkCore","timesRun":1,"invalidExecutions":0,"solutionPath":"4339f10b19df1e8f399a70ba808d345f583c8d8c33160f53ece946d3dcc3a929","projectGuid":"c2c38ee9-01b7-4929-b7e9-086077d1ab58","filePath":"7e8be2c2cda8061769b6bfcb1846210e16eb66e9106e9cd81ea1bcb3e27c11ea"},{"metricsType":"CTA","metricName":"ActionExecution","actionName":"RemoveDirective","actionType":"Using","actionValue":"System.Data.Entity","timesRun":1,"invalidExecutions":0,"solutionPath":"4339f10b19df1e8f399a70ba808d345f583c8d8c33160f53ece946d3dcc3a929","projectGuid":"c2c38ee9-01b7-4929-b7e9-086077d1ab58","filePath":"7e8be2c2cda8061769b6bfcb1846210e16eb66e9106e9cd81ea1bcb3e27c11ea"},{"metricsType":"CTA","metricName":"ActionExecution","actionName":"AddDirective","actionType":"Using","actionValue":"Microsoft.AspNetCore.Mvc","timesRun":1,"invalidExecutions":0,"solutionPath":"4339f10b19df1e8f399a70ba808d345f583c8d8c33160f53ece946d3dcc3a929","projectGuid":"c2c38ee9-01b7-4929-b7e9-086077d1ab58","filePath":"7e8be2c2cda8061769b6bfcb1846210e16eb66e9106e9cd81ea1bcb3e27c11ea"},{"metricsType":"CTA","metricName":"ActionExecution","actionName":"RemoveDirective","actionType":"Using","actionValue":"System.Web.Mvc","timesRun":1,"invalidExecutions":0,"solutionPath":"4339f10b19df1e8f399a70ba808d345f583c8d8c33160f53ece946d3dcc3a929","projectGuid":"c2c38ee9-01b7-4929-b7e9-086077d1ab58","filePath":"7e8be2c2cda8061769b6bfcb1846210e16eb66e9106e9cd81ea1bcb3e27c11ea"},{"metricsType":"CTA","metricName":"ActionExecution","actionName":"AddDirective","actionType":"Using","actionValue":"Microsoft.AspNetCore.Mvc","timesRun":1,"invalidExecutions":0,"solutionPath":"4339f10b19df1e8f399a70ba808d345f583c8d8c33160f53ece946d3dcc3a929","projectGuid":"c2c38ee9-01b7-4929-b7e9-086077d1ab58","filePath":"068e9075a4bc141851931070f6595a54ddad3dc266e9696d89dceb20147d9f49"},{"metricsType":"CTA","metricName":"ActionExecution","actionName":"RemoveDirective","actionType":"Using","actionValue":"System.Web.Mvc","timesRun":1,"invalidExecutions":0,"solutionPath":"4339f10b19df1e8f399a70ba808d345f583c8d8c33160f53ece946d3dcc3a929","projectGuid":"c2c38ee9-01b7-4929-b7e9-086077d1ab58","filePath":"068e9075a4bc141851931070f6595a54ddad3dc266e9696d89dceb20147d9f49"},{"metricsType":"CTA","metricName":"ActionExecution","actionName":"AddDirective","actionType":"Using","actionValue":"Microsoft.AspNetCore.Mvc","timesRun":1,"invalidExecutions":0,"solutionPath":"4339f10b19df1e8f399a70ba808d345f583c8d8c33160f53ece946d3dcc3a929","projectGuid":"c2c38ee9-01b7-4929-b7e9-086077d1ab58","filePath":"ba65a433ffa7460e02dde9f8bcbc23267be6b5679e5797f1d62f21fc34f06978"},{"metricsType":"CTA","metricName":"ActionExecution","actionName":"RemoveDirective","actionType":"Using","actionValue":"System.Web.Mvc","timesRun":1,"invalidExecutions":0,"solutionPath":"4339f10b19df1e8f399a70ba808d345f583c8d8c33160f53ece946d3dcc3a929","projectGuid":"c2c38ee9-01b7-4929-b7e9-086077d1ab58","filePath":"ba65a433ffa7460e02dde9f8bcbc23267be6b5679e5797f1d62f21fc34f06978"},{"metricsType":"CTA","metricName":"ActionExecution","actionName":"AddDirective","actionType":"Using","actionValue":"Microsoft.AspNetCore.Mvc","timesRun":1,"invalidExecutions":0,"solutionPath":"4339f10b19df1e8f399a70ba808d345f583c8d8c33160f53ece946d3dcc3a929","projectGuid":"c2c38ee9-01b7-4929-b7e9-086077d1ab58","filePath":"4b26fea21813eb308bcb1a404c131a4ed900f9e946135e1831903e9a4d5ee252"},{"metricsType":"CTA","metricName":"ActionExecution","actionName":"RemoveDirective","actionType":"Using","actionValue":"System.Web.Mvc","timesRun":1,"invalidExecutions":0,"solutionPath":"4339f10b19df1e8f399a70ba808d345f583c8d8c33160f53ece946d3dcc3a929","projectGuid":"c2c38ee9-01b7-4929-b7e9-086077d1ab58","filePath":"4b26fea21813eb308bcb1a404c131a4ed900f9e946135e1831903e9a4d5ee252"},{"metricsType":"CTA","metricName":"ActionExecution","actionName":"AddDirective","actionType":"Using","actionValue":"Microsoft.AspNetCore.Mvc","timesRun":1,"invalidExecutions":0,"solutionPath":"4339f10b19df1e8f399a70ba808d345f583c8d8c33160f53ece946d3dcc3a929","projectGuid":"c2c38ee9-01b7-4929-b7e9-086077d1ab58","filePath":"c854807745577a58e09c7235f45566f287b8b2a4dc3ec0ee6ca7c0a4f86cba3b"},{"metricsType":"CTA","metricName":"ActionExecution","actionName":"RemoveDirective","actionType":"Using","actionValue":"System.Web.Mvc","timesRun":1,"invalidExecutions":0,"solutionPath":"4339f10b19df1e8f399a70ba808d345f583c8d8c33160f53ece946d3dcc3a929","projectGuid":"c2c38ee9-01b7-4929-b7e9-086077d1ab58","filePath":"c854807745577a58e09c7235f45566f287b8b2a4dc3ec0ee6ca7c0a4f86cba3b"},{"metricsType":"CTA","metricName":"ActionExecution","actionName":"AddDirective","actionType":"Using","actionValue":"Microsoft.AspNetCore.Mvc","timesRun":1,"invalidExecutions":0,"solutionPath":"4339f10b19df1e8f399a70ba808d345f583c8d8c33160f53ece946d3dcc3a929","projectGuid":"c2c38ee9-01b7-4929-b7e9-086077d1ab58","filePath":"423a73cecc0eaa11151ce5de0cb3c3ad7e9ff9bbc35e0247fbb92a3304d442e4"},{"metricsType":"CTA","metricName":"ActionExecution","actionName":"RemoveDirective","actionType":"Using","actionValue":"System.Web.Mvc","timesRun":1,"invalidExecutions":0,"solutionPath":"4339f10b19df1e8f399a70ba808d345f583c8d8c33160f53ece946d3dcc3a929","projectGuid":"c2c38ee9-01b7-4929-b7e9-086077d1ab58","filePath":"423a73cecc0eaa11151ce5de0cb3c3ad7e9ff9bbc35e0247fbb92a3304d442e4"},{"metricsType":"CTA","metricName":"ActionExecution","actionName":"AddDirective","actionType":"Using","actionValue":"Microsoft.AspNetCore.Mvc","timesRun":1,"invalidExecutions":0,"solutionPath":"4339f10b19df1e8f399a70ba808d345f583c8d8c33160f53ece946d3dcc3a929","projectGuid":"c2c38ee9-01b7-4929-b7e9-086077d1ab58","filePath":"58746e2fc9184ee58deb73e2c9ba278231e361db0177e888be96aeed2400ca24"},{"metricsType":"CTA","metricName":"ActionExecution","actionName":"RemoveDirective","actionType":"Using","actionValue":"System.Web.Mvc","timesRun":1,"invalidExecutions":0,"solutionPath":"4339f10b19df1e8f399a70ba808d345f583c8d8c33160f53ece946d3dcc3a929","projectGuid":"c2c38ee9-01b7-4929-b7e9-086077d1ab58","filePath":"58746e2fc9184ee58deb73e2c9ba278231e361db0177e888be96aeed2400ca24"},{"metricsType":"CTA","metricName":"ActionExecution","actionName":"AddDirective","actionType":"Using","actionValue":"Microsoft.EntityFrameworkCore","timesRun":1,"invalidExecutions":0,"solutionPath":"4339f10b19df1e8f399a70ba808d345f583c8d8c33160f53ece946d3dcc3a929","projectGuid":"c2c38ee9-01b7-4929-b7e9-086077d1ab58","filePath":"5ad55df95eaf9f5cff211dad099b6f26c696237a10671014dfa1a680f969512a"},{"metricsType":"CTA","metricName":"ActionExecution","actionName":"RemoveDirective","actionType":"Using","actionValue":"System.Data.Entity","timesRun":1,"invalidExecutions":0,"solutionPath":"4339f10b19df1e8f399a70ba808d345f583c8d8c33160f53ece946d3dcc3a929","projectGuid":"c2c38ee9-01b7-4929-b7e9-086077d1ab58","filePath":"5ad55df95eaf9f5cff211dad099b6f26c696237a10671014dfa1a680f969512a"},{"metricsType":"CTA","metricName":"ActionExecution","actionName":"AddDirective","actionType":"Using","actionValue":"Microsoft.AspNetCore.Mvc","timesRun":1,"invalidExecutions":0,"solutionPath":"4339f10b19df1e8f399a70ba808d345f583c8d8c33160f53ece946d3dcc3a929","projectGuid":"c2c38ee9-01b7-4929-b7e9-086077d1ab58","filePath":"38d40b04614e7331b371b315851dcd8844a2188f253b3ffd97386a27a0280f14"},{"metricsType":"CTA","metricName":"ActionExecution","actionName":"RemoveDirective","actionType":"Using","actionValue":"System.Web.Mvc","timesRun":1,"invalidExecutions":0,"solutionPath":"4339f10b19df1e8f399a70ba808d345f583c8d8c33160f53ece946d3dcc3a929","projectGuid":"c2c38ee9-01b7-4929-b7e9-086077d1ab58","filePath":"38d40b04614e7331b371b315851dcd8844a2188f253b3ffd97386a27a0280f14"},{"metricsType":"CTA","metricName":"ActionExecution","actionName":"AddDirective","actionType":"Using","actionValue":"Microsoft.AspNetCore.Mvc","timesRun":1,"invalidExecutions":0,"solutionPath":"4339f10b19df1e8f399a70ba808d345f583c8d8c33160f53ece946d3dcc3a929","projectGuid":"c2c38ee9-01b7-4929-b7e9-086077d1ab58","filePath":"781e26effb4d53b84a0964dfe7d5e1feb93be0b792fa7d7becd03b4b502aa2e3"},{"metricsType":"CTA","metricName":"ActionExecution","actionName":"RemoveDirective","actionType":"Using","actionValue":"System.Web.Mvc","timesRun":1,"invalidExecutions":0,"solutionPath":"4339f10b19df1e8f399a70ba808d345f583c8d8c33160f53ece946d3dcc3a929","projectGuid":"c2c38ee9-01b7-4929-b7e9-086077d1ab58","filePath":"781e26effb4d53b84a0964dfe7d5e1feb93be0b792fa7d7becd03b4b502aa2e3"},{"metricsType":"CTA","metricName":"ActionExecution","actionName":"AddDirective","actionType":"Using","actionValue":"Microsoft.AspNetCore.Mvc","timesRun":1,"invalidExecutions":0,"solutionPath":"4339f10b19df1e8f399a70ba808d345f583c8d8c33160f53ece946d3dcc3a929","projectGuid":"c2c38ee9-01b7-4929-b7e9-086077d1ab58","filePath":"9af1a3a805cdf7ee367720ef9e878b18591611f6a94ab322894766bb3d7ad1f2"},{"metricsType":"CTA","metricName":"ActionExecution","actionName":"RemoveDirective","actionType":"Using","actionValue":"System.Web.Mvc","timesRun":1,"invalidExecutions":0,"solutionPath":"4339f10b19df1e8f399a70ba808d345f583c8d8c33160f53ece946d3dcc3a929","projectGuid":"c2c38ee9-01b7-4929-b7e9-086077d1ab58","filePath":"9af1a3a805cdf7ee367720ef9e878b18591611f6a94ab322894766bb3d7ad1f2"},{"metricsType":"CTA","metricName":"ActionExecution","actionName":"AddDirective","actionType":"Using","actionValue":"Microsoft.EntityFrameworkCore","timesRun":1,"invalidExecutions":0,"solutionPath":"4339f10b19df1e8f399a70ba808d345f583c8d8c33160f53ece946d3dcc3a929","projectGuid":"c2c38ee9-01b7-4929-b7e9-086077d1ab58","filePath":"5bc43f39c794374ca740f28a7ec33cc1484e7abd7c5ad24466d38ff359dcb74b"},{"metricsType":"CTA","metricName":"ActionExecution","actionName":"RemoveDirective","actionType":"Using","actionValue":"System.Data.Entity","timesRun":1,"invalidExecutions":0,"solutionPath":"4339f10b19df1e8f399a70ba808d345f583c8d8c33160f53ece946d3dcc3a929","projectGuid":"c2c38ee9-01b7-4929-b7e9-086077d1ab58","filePath":"5bc43f39c794374ca740f28a7ec33cc1484e7abd7c5ad24466d38ff359dcb74b"},{"metricsType":"CTA","metricName":"ActionExecution","actionName":"ArchiveFiles","actionType":"Project","actionValue":"BundleConfig.cs,FilterConfig.cs,RouteConfig.cs,WebApiConfig.cs,global.asax.cs,global.asax,AssemblyInfo.cs,packages.config","timesRun":1,"invalidExecutions":0,"solutionPath":"4339f10b19df1e8f399a70ba808d345f583c8d8c33160f53ece946d3dcc3a929","projectGuid":"c2c38ee9-01b7-4929-b7e9-086077d1ab58","filePath":"c2c38ee9-01b7-4929-b7e9-086077d1ab58"},{"metricsType":"CTA","metricName":"ActionExecution","actionName":"MigrateConfig","actionType":"Project","actionValue":"","timesRun":1,"invalidExecutions":0,"solutionPath":"4339f10b19df1e8f399a70ba808d345f583c8d8c33160f53ece946d3dcc3a929","projectGuid":"c2c38ee9-01b7-4929-b7e9-086077d1ab58","filePath":"c2c38ee9-01b7-4929-b7e9-086077d1ab58"},{"metricsType":"CTA","metricName":"ActionExecution","actionName":"MigrateProjectFile","actionType":"ProjectFile","actionValue":"","timesRun":1,"invalidExecutions":0,"solutionPath":"4339f10b19df1e8f399a70ba808d345f583c8d8c33160f53ece946d3dcc3a929","projectGuid":"c2c38ee9-01b7-4929-b7e9-086077d1ab58","filePath":"8ee9317a1415f430859e3ee202dcaca2f77c26124cfae293914f12ec1f9a3ff8"},{"metricsType":"CTA","metricName":"ActionExecution","actionName":"AddDirective","actionType":"Using","actionValue":"Microsoft.EntityFrameworkCore","timesRun":1,"invalidExecutions":0,"solutionPath":"4339f10b19df1e8f399a70ba808d345f583c8d8c33160f53ece946d3dcc3a929","projectGuid":"c2c38ee9-01b7-4929-b7e9-086077d1ab58","filePath":"f21433432fedf87ec96206db9cf55244a2d5a23b252da1bd89431f75d59f7840"},{"metricsType":"CTA","metricName":"ActionExecution","actionName":"RemoveDirective","actionType":"Using","actionValue":"System.Data.Entity","timesRun":1,"invalidExecutions":0,"solutionPath":"4339f10b19df1e8f399a70ba808d345f583c8d8c33160f53ece946d3dcc3a929","projectGuid":"c2c38ee9-01b7-4929-b7e9-086077d1ab58","filePath":"f21433432fedf87ec96206db9cf55244a2d5a23b252da1bd89431f75d59f7840"},{"metricsType":"CTA","metricName":"ActionExecution","actionName":"AddDirective","actionType":"Using","actionValue":"Microsoft.AspNetCore.Mvc","timesRun":1,"invalidExecutions":0,"solutionPath":"4339f10b19df1e8f399a70ba808d345f583c8d8c33160f53ece946d3dcc3a929","projectGuid":"c2c38ee9-01b7-4929-b7e9-086077d1ab58","filePath":"f21433432fedf87ec96206db9cf55244a2d5a23b252da1bd89431f75d59f7840"},{"metricsType":"CTA","metricName":"ActionExecution","actionName":"RemoveDirective","actionType":"Using","actionValue":"System.Web.Mvc","timesRun":1,"invalidExecutions":0,"solutionPath":"4339f10b19df1e8f399a70ba808d345f583c8d8c33160f53ece946d3dcc3a929","projectGuid":"c2c38ee9-01b7-4929-b7e9-086077d1ab58","filePath":"f21433432fedf87ec96206db9cf55244a2d5a23b252da1bd89431f75d59f7840"},{"metricsType":"CTA","metricName":"ActionExecution","actionName":"AddDirective","actionType":"Using","actionValue":"Microsoft.AspNetCore.Mvc","timesRun":1,"invalidExecutions":0,"solutionPath":"4339f10b19df1e8f399a70ba808d345f583c8d8c33160f53ece946d3dcc3a929","projectGuid":"c2c38ee9-01b7-4929-b7e9-086077d1ab58","filePath":"535893343fa2d4c087843796ec44e6816893d0dfd8768060d6f52176a4b2e59e"},{"metricsType":"CTA","metricName":"ActionExecution","actionName":"RemoveDirective","actionType":"Using","actionValue":"System.Web.Mvc","timesRun":1,"invalidExecutions":0,"solutionPath":"4339f10b19df1e8f399a70ba808d345f583c8d8c33160f53ece946d3dcc3a929","projectGuid":"c2c38ee9-01b7-4929-b7e9-086077d1ab58","filePath":"535893343fa2d4c087843796ec44e6816893d0dfd8768060d6f52176a4b2e59e"},{"metricsType":"CTA","metricName":"ActionExecution","actionName":"AddDirective","actionType":"Using","actionValue":"Microsoft.EntityFrameworkCore","timesRun":1,"invalidExecutions":0,"solutionPath":"4339f10b19df1e8f399a70ba808d345f583c8d8c33160f53ece946d3dcc3a929","projectGuid":"c2c38ee9-01b7-4929-b7e9-086077d1ab58","filePath":"eac5b9cf616efc536f55eacbd28f688d3cceb17fc18354cdb4f17f27e3c64f71"},{"metricsType":"CTA","metricName":"ActionExecution","actionName":"RemoveDirective","actionType":"Using","actionValue":"System.Data.Entity","timesRun":1,"invalidExecutions":0,"solutionPath":"4339f10b19df1e8f399a70ba808d345f583c8d8c33160f53ece946d3dcc3a929","projectGuid":"c2c38ee9-01b7-4929-b7e9-086077d1ab58","filePath":"eac5b9cf616efc536f55eacbd28f688d3cceb17fc18354cdb4f17f27e3c64f71"},{"metricsType":"CTA","metricName":"ActionExecution","actionName":"AddDirective","actionType":"Using","actionValue":"Microsoft.EntityFrameworkCore","timesRun":1,"invalidExecutions":0,"solutionPath":"4339f10b19df1e8f399a70ba808d345f583c8d8c33160f53ece946d3dcc3a929","projectGuid":"c2c38ee9-01b7-4929-b7e9-086077d1ab58","filePath":"7e8be2c2cda8061769b6bfcb1846210e16eb66e9106e9cd81ea1bcb3e27c11ea"},{"metricsType":"CTA","metricName":"ActionExecution","actionName":"RemoveDirective","actionType":"Using","actionValue":"System.Data.Entity","timesRun":1,"invalidExecutions":0,"solutionPath":"4339f10b19df1e8f399a70ba808d345f583c8d8c33160f53ece946d3dcc3a929","projectGuid":"c2c38ee9-01b7-4929-b7e9-086077d1ab58","filePath":"7e8be2c2cda8061769b6bfcb1846210e16eb66e9106e9cd81ea1bcb3e27c11ea"},{"metricsType":"CTA","metricName":"ActionExecution","actionName":"AddDirective","actionType":"Using","actionValue":"Microsoft.AspNetCore.Mvc","timesRun":1,"invalidExecutions":0,"solutionPath":"4339f10b19df1e8f399a70ba808d345f583c8d8c33160f53ece946d3dcc3a929","projectGuid":"c2c38ee9-01b7-4929-b7e9-086077d1ab58","filePath":"7e8be2c2cda8061769b6bfcb1846210e16eb66e9106e9cd81ea1bcb3e27c11ea"},{"metricsType":"CTA","metricName":"ActionExecution","actionName":"RemoveDirective","actionType":"Using","actionValue":"System.Web.Mvc","timesRun":1,"invalidExecutions":0,"solutionPath":"4339f10b19df1e8f399a70ba808d345f583c8d8c33160f53ece946d3dcc3a929","projectGuid":"c2c38ee9-01b7-4929-b7e9-086077d1ab58","filePath":"7e8be2c2cda8061769b6bfcb1846210e16eb66e9106e9cd81ea1bcb3e27c11ea"},{"metricsType":"CTA","metricName":"ActionExecution","actionName":"AddDirective","actionType":"Using","actionValue":"Microsoft.AspNetCore.Mvc","timesRun":1,"invalidExecutions":0,"solutionPath":"4339f10b19df1e8f399a70ba808d345f583c8d8c33160f53ece946d3dcc3a929","projectGuid":"c2c38ee9-01b7-4929-b7e9-086077d1ab58","filePath":"068e9075a4bc141851931070f6595a54ddad3dc266e9696d89dceb20147d9f49"},{"metricsType":"CTA","metricName":"ActionExecution","actionName":"RemoveDirective","actionType":"Using","actionValue":"System.Web.Mvc","timesRun":1,"invalidExecutions":0,"solutionPath":"4339f10b19df1e8f399a70ba808d345f583c8d8c33160f53ece946d3dcc3a929","projectGuid":"c2c38ee9-01b7-4929-b7e9-086077d1ab58","filePath":"068e9075a4bc141851931070f6595a54ddad3dc266e9696d89dceb20147d9f49"},{"metricsType":"CTA","metricName":"ActionExecution","actionName":"AddDirective","actionType":"Using","actionValue":"Microsoft.AspNetCore.Mvc","timesRun":1,"invalidExecutions":0,"solutionPath":"4339f10b19df1e8f399a70ba808d345f583c8d8c33160f53ece946d3dcc3a929","projectGuid":"c2c38ee9-01b7-4929-b7e9-086077d1ab58","filePath":"ba65a433ffa7460e02dde9f8bcbc23267be6b5679e5797f1d62f21fc34f06978"},{"metricsType":"CTA","metricName":"ActionExecution","actionName":"RemoveDirective","actionType":"Using","actionValue":"System.Web.Mvc","timesRun":1,"invalidExecutions":0,"solutionPath":"4339f10b19df1e8f399a70ba808d345f583c8d8c33160f53ece946d3dcc3a929","projectGuid":"c2c38ee9-01b7-4929-b7e9-086077d1ab58","filePath":"ba65a433ffa7460e02dde9f8bcbc23267be6b5679e5797f1d62f21fc34f06978"},{"metricsType":"CTA","metricName":"ActionExecution","actionName":"AddDirective","actionType":"Using","actionValue":"Microsoft.AspNetCore.Mvc","timesRun":1,"invalidExecutions":0,"solutionPath":"4339f10b19df1e8f399a70ba808d345f583c8d8c33160f53ece946d3dcc3a929","projectGuid":"c2c38ee9-01b7-4929-b7e9-086077d1ab58","filePath":"4b26fea21813eb308bcb1a404c131a4ed900f9e946135e1831903e9a4d5ee252"},{"metricsType":"CTA","metricName":"ActionExecution","actionName":"RemoveDirective","actionType":"Using","actionValue":"System.Web.Mvc","timesRun":1,"invalidExecutions":0,"solutionPath":"4339f10b19df1e8f399a70ba808d345f583c8d8c33160f53ece946d3dcc3a929","projectGuid":"c2c38ee9-01b7-4929-b7e9-086077d1ab58","filePath":"4b26fea21813eb308bcb1a404c131a4ed900f9e946135e1831903e9a4d5ee252"},{"metricsType":"CTA","metricName":"ActionExecution","actionName":"AddDirective","actionType":"Using","actionValue":"Microsoft.AspNetCore.Mvc","timesRun":1,"invalidExecutions":0,"solutionPath":"4339f10b19df1e8f399a70ba808d345f583c8d8c33160f53ece946d3dcc3a929","projectGuid":"c2c38ee9-01b7-4929-b7e9-086077d1ab58","filePath":"c854807745577a58e09c7235f45566f287b8b2a4dc3ec0ee6ca7c0a4f86cba3b"},{"metricsType":"CTA","metricName":"ActionExecution","actionName":"RemoveDirective","actionType":"Using","actionValue":"System.Web.Mvc","timesRun":1,"invalidExecutions":0,"solutionPath":"4339f10b19df1e8f399a70ba808d345f583c8d8c33160f53ece946d3dcc3a929","projectGuid":"c2c38ee9-01b7-4929-b7e9-086077d1ab58","filePath":"c854807745577a58e09c7235f45566f287b8b2a4dc3ec0ee6ca7c0a4f86cba3b"},{"metricsType":"CTA","metricName":"ActionExecution","actionName":"AddDirective","actionType":"Using","actionValue":"Microsoft.AspNetCore.Mvc","timesRun":1,"invalidExecutions":0,"solutionPath":"4339f10b19df1e8f399a70ba808d345f583c8d8c33160f53ece946d3dcc3a929","projectGuid":"c2c38ee9-01b7-4929-b7e9-086077d1ab58","filePath":"423a73cecc0eaa11151ce5de0cb3c3ad7e9ff9bbc35e0247fbb92a3304d442e4"},{"metricsType":"CTA","metricName":"ActionExecution","actionName":"RemoveDirective","actionType":"Using","actionValue":"System.Web.Mvc","timesRun":1,"invalidExecutions":0,"solutionPath":"4339f10b19df1e8f399a70ba808d345f583c8d8c33160f53ece946d3dcc3a929","projectGuid":"c2c38ee9-01b7-4929-b7e9-086077d1ab58","filePath":"423a73cecc0eaa11151ce5de0cb3c3ad7e9ff9bbc35e0247fbb92a3304d442e4"},{"metricsType":"CTA","metricName":"ActionExecution","actionName":"AddDirective","actionType":"Using","actionValue":"Microsoft.AspNetCore.Mvc","timesRun":1,"invalidExecutions":0,"solutionPath":"4339f10b19df1e8f399a70ba808d345f583c8d8c33160f53ece946d3dcc3a929","projectGuid":"c2c38ee9-01b7-4929-b7e9-086077d1ab58","filePath":"58746e2fc9184ee58deb73e2c9ba278231e361db0177e888be96aeed2400ca24"},{"metricsType":"CTA","metricName":"ActionExecution","actionName":"RemoveDirective","actionType":"Using","actionValue":"System.Web.Mvc","timesRun":1,"invalidExecutions":0,"solutionPath":"4339f10b19df1e8f399a70ba808d345f583c8d8c33160f53ece946d3dcc3a929","projectGuid":"c2c38ee9-01b7-4929-b7e9-086077d1ab58","filePath":"58746e2fc9184ee58deb73e2c9ba278231e361db0177e888be96aeed2400ca24"},{"metricsType":"CTA","metricName":"ActionExecution","actionName":"AddDirective","actionType":"Using","actionValue":"Microsoft.EntityFrameworkCore","timesRun":1,"invalidExecutions":0,"solutionPath":"4339f10b19df1e8f399a70ba808d345f583c8d8c33160f53ece946d3dcc3a929","projectGuid":"c2c38ee9-01b7-4929-b7e9-086077d1ab58","filePath":"5ad55df95eaf9f5cff211dad099b6f26c696237a10671014dfa1a680f969512a"},{"metricsType":"CTA","metricName":"ActionExecution","actionName":"RemoveDirective","actionType":"Using","actionValue":"System.Data.Entity","timesRun":1,"invalidExecutions":0,"solutionPath":"4339f10b19df1e8f399a70ba808d345f583c8d8c33160f53ece946d3dcc3a929","projectGuid":"c2c38ee9-01b7-4929-b7e9-086077d1ab58","filePath":"5ad55df95eaf9f5cff211dad099b6f26c696237a10671014dfa1a680f969512a"},{"metricsType":"CTA","metricName":"ActionExecution","actionName":"AddDirective","actionType":"Using","actionValue":"Microsoft.AspNetCore.Mvc","timesRun":1,"invalidExecutions":0,"solutionPath":"4339f10b19df1e8f399a70ba808d345f583c8d8c33160f53ece946d3dcc3a929","projectGuid":"c2c38ee9-01b7-4929-b7e9-086077d1ab58","filePath":"38d40b04614e7331b371b315851dcd8844a2188f253b3ffd97386a27a0280f14"},{"metricsType":"CTA","metricName":"ActionExecution","actionName":"RemoveDirective","actionType":"Using","actionValue":"System.Web.Mvc","timesRun":1,"invalidExecutions":0,"solutionPath":"4339f10b19df1e8f399a70ba808d345f583c8d8c33160f53ece946d3dcc3a929","projectGuid":"c2c38ee9-01b7-4929-b7e9-086077d1ab58","filePath":"38d40b04614e7331b371b315851dcd8844a2188f253b3ffd97386a27a0280f14"},{"metricsType":"CTA","metricName":"ActionExecution","actionName":"AddDirective","actionType":"Using","actionValue":"Microsoft.AspNetCore.Mvc","timesRun":1,"invalidExecutions":0,"solutionPath":"4339f10b19df1e8f399a70ba808d345f583c8d8c33160f53ece946d3dcc3a929","projectGuid":"c2c38ee9-01b7-4929-b7e9-086077d1ab58","filePath":"781e26effb4d53b84a0964dfe7d5e1feb93be0b792fa7d7becd03b4b502aa2e3"},{"metricsType":"CTA","metricName":"ActionExecution","actionName":"RemoveDirective","actionType":"Using","actionValue":"System.Web.Mvc","timesRun":1,"invalidExecutions":0,"solutionPath":"4339f10b19df1e8f399a70ba808d345f583c8d8c33160f53ece946d3dcc3a929","projectGuid":"c2c38ee9-01b7-4929-b7e9-086077d1ab58","filePath":"781e26effb4d53b84a0964dfe7d5e1feb93be0b792fa7d7becd03b4b502aa2e3"},{"metricsType":"CTA","metricName":"ActionExecution","actionName":"AddDirective","actionType":"Using","actionValue":"Microsoft.AspNetCore.Mvc","timesRun":1,"invalidExecutions":0,"solutionPath":"4339f10b19df1e8f399a70ba808d345f583c8d8c33160f53ece946d3dcc3a929","projectGuid":"c2c38ee9-01b7-4929-b7e9-086077d1ab58","filePath":"9af1a3a805cdf7ee367720ef9e878b18591611f6a94ab322894766bb3d7ad1f2"},{"metricsType":"CTA","metricName":"ActionExecution","actionName":"RemoveDirective","actionType":"Using","actionValue":"System.Web.Mvc","timesRun":1,"invalidExecutions":0,"solutionPath":"4339f10b19df1e8f399a70ba808d345f583c8d8c33160f53ece946d3dcc3a929","projectGuid":"c2c38ee9-01b7-4929-b7e9-086077d1ab58","filePath":"9af1a3a805cdf7ee367720ef9e878b18591611f6a94ab322894766bb3d7ad1f2"},{"metricsType":"CTA","metricName":"ActionExecution","actionName":"AddDirective","actionType":"Using","actionValue":"Microsoft.EntityFrameworkCore","timesRun":1,"invalidExecutions":0,"solutionPath":"4339f10b19df1e8f399a70ba808d345f583c8d8c33160f53ece946d3dcc3a929","projectGuid":"c2c38ee9-01b7-4929-b7e9-086077d1ab58","filePath":"5bc43f39c794374ca740f28a7ec33cc1484e7abd7c5ad24466d38ff359dcb74b"},{"metricsType":"CTA","metricName":"ActionExecution","actionName":"RemoveDirective","actionType":"Using","actionValue":"System.Data.Entity","timesRun":1,"invalidExecutions":0,"solutionPath":"4339f10b19df1e8f399a70ba808d345f583c8d8c33160f53ece946d3dcc3a929","projectGuid":"c2c38ee9-01b7-4929-b7e9-086077d1ab58","filePath":"5bc43f39c794374ca740f28a7ec33cc1484e7abd7c5ad24466d38ff359dcb74b"},{"metricsType":"CTA","metricName":"ActionExecution","actionName":"ArchiveFiles","actionType":"Project","actionValue":"BundleConfig.cs,FilterConfig.cs,RouteConfig.cs,WebApiConfig.cs,global.asax.cs,global.asax,AssemblyInfo.cs,packages.config","timesRun":1,"invalidExecutions":0,"solutionPath":"4339f10b19df1e8f399a70ba808d345f583c8d8c33160f53ece946d3dcc3a929","projectGuid":"c2c38ee9-01b7-4929-b7e9-086077d1ab58","filePath":"c2c38ee9-01b7-4929-b7e9-086077d1ab58"},{"metricsType":"CTA","metricName":"ActionExecution","actionName":"MigrateConfig","actionType":"Project","actionValue":"","timesRun":1,"invalidExecutions":0,"solutionPath":"4339f10b19df1e8f399a70ba808d345f583c8d8c33160f53ece946d3dcc3a929","projectGuid":"c2c38ee9-01b7-4929-b7e9-086077d1ab58","filePath":"c2c38ee9-01b7-4929-b7e9-086077d1ab58"},{"metricsType":"CTA","metricName":"ActionExecution","actionName":"MigrateProjectFile","actionType":"ProjectFile","actionValue":"","timesRun":1,"invalidExecutions":0,"solutionPath":"4339f10b19df1e8f399a70ba808d345f583c8d8c33160f53ece946d3dcc3a929","projectGuid":"c2c38ee9-01b7-4929-b7e9-086077d1ab58","filePath":"8ee9317a1415f430859e3ee202dcaca2f77c26124cfae293914f12ec1f9a3ff8"},{"metricsType":"CTA","metricName":"ActionExecution","actionName":"AddDirective","actionType":"Using","actionValue":"Microsoft.EntityFrameworkCore","timesRun":1,"invalidExecutions":0,"solutionPath":"4339f10b19df1e8f399a70ba808d345f583c8d8c33160f53ece946d3dcc3a929","projectGuid":"c2c38ee9-01b7-4929-b7e9-086077d1ab58","filePath":"f21433432fedf87ec96206db9cf55244a2d5a23b252da1bd89431f75d59f7840"},{"metricsType":"CTA","metricName":"ActionExecution","actionName":"RemoveDirective","actionType":"Using","actionValue":"System.Data.Entity","timesRun":1,"invalidExecutions":0,"solutionPath":"4339f10b19df1e8f399a70ba808d345f583c8d8c33160f53ece946d3dcc3a929","projectGuid":"c2c38ee9-01b7-4929-b7e9-086077d1ab58","filePath":"f21433432fedf87ec96206db9cf55244a2d5a23b252da1bd89431f75d59f7840"},{"metricsType":"CTA","metricName":"ActionExecution","actionName":"AddDirective","actionType":"Using","actionValue":"Microsoft.AspNetCore.Mvc","timesRun":1,"invalidExecutions":0,"solutionPath":"4339f10b19df1e8f399a70ba808d345f583c8d8c33160f53ece946d3dcc3a929","projectGuid":"c2c38ee9-01b7-4929-b7e9-086077d1ab58","filePath":"f21433432fedf87ec96206db9cf55244a2d5a23b252da1bd89431f75d59f7840"},{"metricsType":"CTA","metricName":"ActionExecution","actionName":"RemoveDirective","actionType":"Using","actionValue":"System.Web.Mvc","timesRun":1,"invalidExecutions":0,"solutionPath":"4339f10b19df1e8f399a70ba808d345f583c8d8c33160f53ece946d3dcc3a929","projectGuid":"c2c38ee9-01b7-4929-b7e9-086077d1ab58","filePath":"f21433432fedf87ec96206db9cf55244a2d5a23b252da1bd89431f75d59f7840"},{"metricsType":"CTA","metricName":"ActionExecution","actionName":"AddDirective","actionType":"Using","actionValue":"Microsoft.AspNetCore.Mvc","timesRun":1,"invalidExecutions":0,"solutionPath":"4339f10b19df1e8f399a70ba808d345f583c8d8c33160f53ece946d3dcc3a929","projectGuid":"c2c38ee9-01b7-4929-b7e9-086077d1ab58","filePath":"535893343fa2d4c087843796ec44e6816893d0dfd8768060d6f52176a4b2e59e"},{"metricsType":"CTA","metricName":"ActionExecution","actionName":"RemoveDirective","actionType":"Using","actionValue":"System.Web.Mvc","timesRun":1,"invalidExecutions":0,"solutionPath":"4339f10b19df1e8f399a70ba808d345f583c8d8c33160f53ece946d3dcc3a929","projectGuid":"c2c38ee9-01b7-4929-b7e9-086077d1ab58","filePath":"535893343fa2d4c087843796ec44e6816893d0dfd8768060d6f52176a4b2e59e"}]