[{"metricsType":"CTA","metricName":"Namespace","reference":"StarWars.Core.Data","solutionPath":"094bc98f14280782c2e72ae6b44d70e1b1f30b83e4ae57489f51ab714e7d76ad"},{"metricsType":"CTA","metricName":"Namespace","reference":"StarWars.Core.Models","solutionPath":"094bc98f14280782c2e72ae6b44d70e1b1f30b83e4ae57489f51ab714e7d76ad"},{"metricsType":"CTA","metricName":"Namespace","reference":"StarWars.Core.Logic","solutionPath":"094bc98f14280782c2e72ae6b44d70e1b1f30b83e4ae57489f51ab714e7d76ad"},{"metricsType":"CTA","metricName":"Namespace","reference":"System","solutionPath":"094bc98f14280782c2e72ae6b44d70e1b1f30b83e4ae57489f51ab714e7d76ad"},{"metricsType":"CTA","metricName":"Namespace","reference":"System.Collections.Generic","solutionPath":"094bc98f14280782c2e72ae6b44d70e1b1f30b83e4ae57489f51ab714e7d76ad"},{"metricsType":"CTA","metricName":"Namespace","reference":"System.Threading.Tasks","solutionPath":"094bc98f14280782c2e72ae6b44d70e1b1f30b83e4ae57489f51ab714e7d76ad"},{"metricsType":"CTA","metricName":"Namespace","reference":"System.Collections","solutionPath":"094bc98f14280782c2e72ae6b44d70e1b1f30b83e4ae57489f51ab714e7d76ad"},{"metricsType":"CTA","metricName":"Namespace","reference":"System.Reflection","solutionPath":"094bc98f14280782c2e72ae6b44d70e1b1f30b83e4ae57489f51ab714e7d76ad"},{"metricsType":"CTA","metricName":"Namespace","reference":"System.Runtime.CompilerServices","solutionPath":"094bc98f14280782c2e72ae6b44d70e1b1f30b83e4ae57489f51ab714e7d76ad"},{"metricsType":"CTA","metricName":"Namespace","reference":"System.Runtime.InteropServices","solutionPath":"094bc98f14280782c2e72ae6b44d70e1b1f30b83e4ae57489f51ab714e7d76ad"},{"metricsType":"CTA","metricName":"Namespace","reference":"project.all","solutionPath":"094bc98f14280782c2e72ae6b44d70e1b1f30b83e4ae57489f51ab714e7d76ad"},{"metricsType":"CTA","metricName":"RulesFile","downloadedFile":"project.all.json","solutionPath":"094bc98f14280782c2e72ae6b44d70e1b1f30b83e4ae57489f51ab714e7d76ad"},{"metricsType":"CTA","metricName":"TargetVersion","targetVersion":"netcoreapp3.1","solutionPath":"094bc98f14280782c2e72ae6b44d70e1b1f30b83e4ae57489f51ab714e7d76ad","projectGuid":"ea6d3cd1-ebc1-48cd-87b9-d99ba5b44db3"},{"metricsType":"CTA","metricName":"TargetVersion","targetVersion":"netcoreapp3.1","solutionPath":"094bc98f14280782c2e72ae6b44d70e1b1f30b83e4ae57489f51ab714e7d76ad","projectGuid":"ea6d3cd1-ebc1-48cd-87b9-d99ba5b44db3"},{"metricsType":"CTA","metricName":"ActionExecution","actionName":"ArchiveFiles","actionType":"Project","actionValue":"BundleConfig.cs,FilterConfig.cs,RouteConfig.cs,WebApiConfig.cs,global.asax.cs,global.asax,AssemblyInfo.cs,packages.config","timesRun":1,"invalidExecutions":0,"solutionPath":"094bc98f14280782c2e72ae6b44d70e1b1f30b83e4ae57489f51ab714e7d76ad","projectGuid":"ea6d3cd1-ebc1-48cd-87b9-d99ba5b44db3","filePath":"ea6d3cd1-ebc1-48cd-87b9-d99ba5b44db3"},{"metricsType":"CTA","metricName":"ActionExecution","actionName":"MigrateProjectFile","actionType":"ProjectFile","actionValue":"","timesRun":1,"invalidExecutions":0,"solutionPath":"094bc98f14280782c2e72ae6b44d70e1b1f30b83e4ae57489f51ab714e7d76ad","projectGuid":"ea6d3cd1-ebc1-48cd-87b9-d99ba5b44db3","filePath":"c10402bc0ee81ef0d7a762aa3f7a1b5830bb0ec12c3f2dde4efc668a869a744a"},{"metricsType":"CTA","metricName":"ActionExecution","actionName":"ArchiveFiles","actionType":"Project","actionValue":"BundleConfig.cs,FilterConfig.cs,RouteConfig.cs,WebApiConfig.cs,global.asax.cs,global.asax,AssemblyInfo.cs,packages.config","timesRun":1,"invalidExecutions":0,"solutionPath":"094bc98f14280782c2e72ae6b44d70e1b1f30b83e4ae57489f51ab714e7d76ad","projectGuid":"ea6d3cd1-ebc1-48cd-87b9-d99ba5b44db3","filePath":"ea6d3cd1-ebc1-48cd-87b9-d99ba5b44db3"},{"metricsType":"CTA","metricName":"ActionExecution","actionName":"MigrateProjectFile","actionType":"ProjectFile","actionValue":"","timesRun":1,"invalidExecutions":0,"solutionPath":"094bc98f14280782c2e72ae6b44d70e1b1f30b83e4ae57489f51ab714e7d76ad","projectGuid":"ea6d3cd1-ebc1-48cd-87b9-d99ba5b44db3","filePath":"c10402bc0ee81ef0d7a762aa3f7a1b5830bb0ec12c3f2dde4efc668a869a744a"}]